run_id,timestamp,step_name,stage,duration,status,error_type,error_message,failure_type,line_number,file_path,matched_line,exit_code,python_version
run_0001,2026-08-19T14:06:50.3257184Z,Check App Syntax,build,0.026,failure,SyntaxError,expected ':',syntax_error,1,<string>,SyntaxError: expected ':',1,3.11.16
run_0002,2026-08-20T06:58:17.7846733Z,Check App Syntax,build,0.021,failure,SyntaxError,'(' was never closed,syntax_error,1,<string>,SyntaxError: '(' was never closed,1,3.11.15
run_0003,2026-08-20T06:58:38.2125224Z,Check App Syntax,build,0.026,failure,SyntaxError,'[' was never closed,syntax_error,1,<string>,SyntaxError: '[' was never closed,1,3.11.15
run_0004,2026-08-20T06:59:07.1540486Z,Check App Syntax,build,0.024,failure,IndentationError,unexpected indent,syntax_error,1,<string>,IndentationError: unexpected indent,1,3.11.16
run_0005,2026-08-20T06:59:34.5402756Z,Check App Syntax,build,0.024,failure,SyntaxError,invalid syntax,syntax_error,1,<string>,SyntaxError: invalid syntax,1,3.11.16
run_0006,2026-08-23T17:22:40.3732682Z,Check App Syntax,build,0.024,failure,SyntaxError,invalid syntax,syntax_error,1,<string>,SyntaxError: invalid syntax,1,3.11.16
run_0007,2026-08-23T17:23:07.1110349Z,Check App Syntax,build,0.026,failure,SyntaxError,invalid syntax,syntax_error,1,<string>,SyntaxError: invalid syntax,1,3.11.16
run_0008,2026-08-23T17:23:30.3195302Z,Check App Syntax,build,0.023,failure,SyntaxError,invalid syntax,syntax_error,1,<string>,SyntaxError: invalid syntax,1,3.11.16
run_0009,2026-08-23T17:23:55.8827547Z,Check App Syntax,build,0.024,failure,SyntaxError,expected ':',syntax_error,1,<string>,SyntaxError: expected ':',1,3.11.16
run_0010,2026-08-23T17:24:22.6440140Z,Check App Syntax,build,0.024,failure,SyntaxError,expression expected after dictionary key and ':',syntax_error,1,<string>,SyntaxError: expression expected after dictionary key and ':',1,3.11.16
run_0011,2026-08-23T17:24:43.0670274Z,Check App Syntax,build,0.026,failure,SyntaxError,expected ':',syntax_error,1,<string>,SyntaxError: expected ':',1,3.11.16
run_0012,2026-08-23T17:25:03.9513154Z,Check App Syntax,build,0.026,failure,SyntaxError,'(' was never closed,syntax_error,1,<string>,SyntaxError: '(' was never closed,1,3.11.16
run_0013,2026-08-23T17:25:30.0774123Z,Check App Syntax,build,0.026,failure,SyntaxError,'[' was never closed,syntax_error,1,<string>,SyntaxError: '[' was never closed,1,3.11.16
run_0014,2026-08-23T17:25:49.8723927Z,Check App Syntax,build,0.026,failure,IndentationError,unexpected indent,syntax_error,1,<string>,IndentationError: unexpected indent,1,3.11.16
run_0015,2026-08-23T17:26:10.7369054Z,Check App Syntax,build,0.019,failure,SyntaxError,invalid syntax,syntax_error,1,<string>,SyntaxError: invalid syntax,1,3.11.16
run_0016,2026-08-23T17:26:36.5349718Z,Check App Syntax,build,0.02,failure,SyntaxError,invalid syntax,syntax_error,1,<string>,SyntaxError: invalid syntax,1,3.11.16
run_0017,2026-08-23T17:26:56.8620715Z,Check App Syntax,build,0.024,failure,SyntaxError,invalid syntax,syntax_error,1,<string>,SyntaxError: invalid syntax,1,3.11.16
run_0018,2026-08-23T17:27:17.0907100Z,Check App Syntax,build,0.026,failure,SyntaxError,invalid syntax,syntax_error,1,<string>,SyntaxError: invalid syntax,1,3.11.16
run_0019,2026-08-23T17:27:43.2298341Z,Check App Syntax,build,0.026,failure,SyntaxError,expected ':',syntax_error,1,<string>,SyntaxError: expected ':',1,3.11.16
run_0020,2026-08-23T17:28:04.4740420Z,Check App Syntax,build,0.024,failure,SyntaxError,expression expected after dictionary key and ':',syntax_error,1,<string>,SyntaxError: expression expected after dictionary key and ':',1,3.11.16
run_0021,2026-08-23T17:28:32.0788120Z,Check App Syntax,build,0.024,failure,SyntaxError,expected ':',syntax_error,1,<string>,SyntaxError: expected ':',1,3.11.16
run_0022,2026-08-23T17:28:51.3520300Z,Check App Syntax,build,0.026,failure,SyntaxError,'(' was never closed,syntax_error,1,<string>,SyntaxError: '(' was never closed,1,3.11.16
run_0023,2026-08-23T17:29:11.4035561Z,Check App Syntax,build,0.026,failure,SyntaxError,'[' was never closed,syntax_error,1,<string>,SyntaxError: '[' was never closed,1,3.11.16
run_0024,2026-08-23T17:29:32.1997244Z,Check App Syntax,build,0.024,failure,IndentationError,unexpected indent,syntax_error,1,<string>,IndentationError: unexpected indent,1,3.11.16
run_0025,2026-08-23T17:29:52.6760296Z,Check App Syntax,build,0.016,failure,SyntaxError,invalid syntax,syntax_error,1,<string>,SyntaxError: invalid syntax,1,3.11.16
run_0026,2026-08-23T17:30:19.7485913Z,Check App Syntax,build,0.022,failure,SyntaxError,invalid syntax,syntax_error,1,<string>,SyntaxError: invalid syntax,1,3.11.16
run_0027,2026-08-23T17:30:40.0512176Z,Check App Syntax,build,0.02,failure,SyntaxError,invalid syntax,syntax_error,1,<string>,SyntaxError: invalid syntax,1,3.11.16
run_0028,2026-08-23T17:30:59.7883971Z,Check App Syntax,build,0.026,failure,SyntaxError,invalid syntax,syntax_error,1,<string>,SyntaxError: invalid syntax,1,3.11.16
run_0029,2026-08-23T17:31:20.0735715Z,Check App Syntax,build,0.02,failure,SyntaxError,expected ':',syntax_error,1,<string>,SyntaxError: expected ':',1,3.11.16
run_0030,2026-08-23T17:31:40.4770387Z,Check App Syntax,build,0.026,failure,SyntaxError,expression expected after dictionary key and ':',syntax_error,1,<string>,SyntaxError: expression expected after dictionary key and ':',1,3.11.16
run_0031,2026-08-23T17:32:01.5942332Z,Check App Syntax,build,0.024,failure,SyntaxError,expected ':',syntax_error,1,<string>,SyntaxError: expected ':',1,3.11.16
run_0032,2026-08-23T17:32:29.8045940Z,Check App Syntax,build,0.024,failure,SyntaxError,'(' was never closed,syntax_error,1,<string>,SyntaxError: '(' was never closed,1,3.11.16
run_0033,2026-08-23T17:32:50.1676345Z,Check App Syntax,build,0.02,failure,SyntaxError,'[' was never closed,syntax_error,1,<string>,SyntaxError: '[' was never closed,1,3.11.16
run_0034,2026-08-23T17:33:11.2536804Z,Check App Syntax,build,0.023,failure,IndentationError,unexpected indent,syntax_error,1,<string>,IndentationError: unexpected indent,1,3.11.16
run_0035,2026-08-23T17:33:37.5078153Z,Check App Syntax,build,0.018,failure,SyntaxError,invalid syntax,syntax_error,1,<string>,SyntaxError: invalid syntax,1,3.11.16
run_0036,2026-08-23T17:33:58.4343541Z,Check App Syntax,build,0.019,failure,SyntaxError,invalid syntax,syntax_error,1,<string>,SyntaxError: invalid syntax,1,3.11.16
run_0037,2026-08-23T17:34:18.8053842Z,Check App Syntax,build,0.024,failure,SyntaxError,invalid syntax,syntax_error,1,<string>,SyntaxError: invalid syntax,1,3.11.16
run_0038,2026-08-23T17:34:39.1255693Z,Check App Syntax,build,0.024,failure,SyntaxError,invalid syntax,syntax_error,1,<string>,SyntaxError: invalid syntax,1,3.11.16
run_0039,2026-08-23T17:35:07.1131177Z,Check App Syntax,build,0.023,failure,SyntaxError,expected ':',syntax_error,1,<string>,SyntaxError: expected ':',1,3.11.16
run_0040,2026-08-23T17:35:27.6712483Z,Check App Syntax,build,0.024,failure,SyntaxError,expression expected after dictionary key and ':',syntax_error,1,<string>,SyntaxError: expression expected after dictionary key and ':',1,3.11.16
run_0041,2026-08-23T17:35:54.3386309Z,Check App Syntax,build,0.024,failure,SyntaxError,expected ':',syntax_error,1,<string>,SyntaxError: expected ':',1,3.11.16
run_0042,2026-08-23T17:36:15.2099163Z,Check App Syntax,build,0.026,failure,SyntaxError,'(' was never closed,syntax_error,1,<string>,SyntaxError: '(' was never closed,1,3.11.16
run_0043,2026-08-23T17:36:36.3411475Z,Check App Syntax,build,0.024,failure,SyntaxError,'[' was never closed,syntax_error,1,<string>,SyntaxError: '[' was never closed,1,3.11.16
run_0044,2026-08-23T17:37:04.3933576Z,Check App Syntax,build,0.024,failure,IndentationError,unexpected indent,syntax_error,1,<string>,IndentationError: unexpected indent,1,3.11.16
run_0045,2026-08-23T17:37:28.7834058Z,Check App Syntax,build,0.016,failure,SyntaxError,invalid syntax,syntax_error,1,<string>,SyntaxError: invalid syntax,1,3.11.16
run_0046,2026-08-23T17:37:55.9665454Z,Check App Syntax,build,0.026,failure,SyntaxError,invalid syntax,syntax_error,1,<string>,SyntaxError: invalid syntax,1,3.11.16
run_0047,2026-08-23T17:38:18.0257705Z,Check App Syntax,build,0.024,failure,SyntaxError,invalid syntax,syntax_error,1,<string>,SyntaxError: invalid syntax,1,3.11.16
run_0048,2026-08-23T17:38:44.2389760Z,Check App Syntax,build,0.024,failure,SyntaxError,invalid syntax,syntax_error,1,<string>,SyntaxError: invalid syntax,1,3.11.16
run_0049,2026-08-23T17:39:11.7078324Z,Check App Syntax,build,0.028,failure,SyntaxError,expected ':',syntax_error,1,<string>,SyntaxError: expected ':',1,3.11.16
run_0050,2026-08-23T17:39:38.9662322Z,Check App Syntax,build,0.021,failure,SyntaxError,expression expected after dictionary key and ':',syntax_error,1,<string>,SyntaxError: expression expected after dictionary key and ':',1,3.11.16
run_0051,2026-08-23T17:40:00.2064538Z,Check App Syntax,build,0.024,failure,SyntaxError,expected ':',syntax_error,1,<string>,SyntaxError: expected ':',1,3.11.16
run_0052,2026-08-23T17:40:26.4679416Z,Check App Syntax,build,0.017,failure,SyntaxError,'(' was never closed,syntax_error,1,<string>,SyntaxError: '(' was never closed,1,3.11.16
run_0053,2026-08-23T17:40:53.8190078Z,Check App Syntax,build,0.052,failure,SyntaxError,'[' was never closed,syntax_error,1,<string>,SyntaxError: '[' was never closed,1,3.11.16
run_0054,2026-08-23T17:41:21.2615562Z,Check App Syntax,build,0.022,failure,IndentationError,unexpected indent,syntax_error,1,<string>,IndentationError: unexpected indent,1,3.11.16
run_0055,2026-08-23T17:41:42.4895344Z,Check App Syntax,build,0.025,failure,SyntaxError,invalid syntax,syntax_error,1,<string>,SyntaxError: invalid syntax,1,3.11.16
run_0056,2026-08-23T17:42:09.8887392Z,Check App Syntax,build,0.024,failure,SyntaxError,invalid syntax,syntax_error,1,<string>,SyntaxError: invalid syntax,1,3.11.16
run_0057,2026-08-23T17:42:30.6843569Z,Check App Syntax,build,0.024,failure,SyntaxError,invalid syntax,syntax_error,1,<string>,SyntaxError: invalid syntax,1,3.11.16
run_0058,2026-08-23T17:42:57.3287323Z,Check App Syntax,build,0.024,failure,SyntaxError,invalid syntax,syntax_error,1,<string>,SyntaxError: invalid syntax,1,3.11.16
run_0059,2026-08-23T17:43:25.7344289Z,Check App Syntax,build,0.025,failure,SyntaxError,expected ':',syntax_error,1,<string>,SyntaxError: expected ':',1,3.11.16
run_0060,2026-08-23T17:43:50.4639887Z,Check App Syntax,build,0.028,failure,SyntaxError,expression expected after dictionary key and ':',syntax_error,1,<string>,SyntaxError: expression expected after dictionary key and ':',1,3.11.16
run_0061,2026-08-23T17:44:17.6687153Z,Check App Syntax,build,0.016,failure,SyntaxError,expected ':',syntax_error,1,<string>,SyntaxError: expected ':',1,3.11.16
run_0062,2026-08-23T17:44:44.9864294Z,Check App Syntax,build,0.02,failure,SyntaxError,'(' was never closed,syntax_error,1,<string>,SyntaxError: '(' was never closed,1,3.11.16
run_0063,2026-08-23T17:45:04.3323901Z,Check App Syntax,build,0.026,failure,SyntaxError,'[' was never closed,syntax_error,1,<string>,SyntaxError: '[' was never closed,1,3.11.16
run_0064,2026-08-23T17:45:26.2478943Z,Check App Syntax,build,0.02,failure,IndentationError,unexpected indent,syntax_error,1,<string>,IndentationError: unexpected indent,1,3.11.16
run_0065,2026-08-23T17:45:46.1785482Z,Check App Syntax,build,0.025,failure,SyntaxError,invalid syntax,syntax_error,1,<string>,SyntaxError: invalid syntax,1,3.11.16
run_0066,2026-08-23T17:46:12.9771630Z,Check App Syntax,build,0.026,failure,SyntaxError,invalid syntax,syntax_error,1,<string>,SyntaxError: invalid syntax,1,3.11.16
run_0067,2026-08-23T17:46:40.9238846Z,Check App Syntax,build,0.026,failure,SyntaxError,invalid syntax,syntax_error,1,<string>,SyntaxError: invalid syntax,1,3.11.16
run_0068,2026-08-23T17:47:01.5271259Z,Check App Syntax,build,0.048,failure,SyntaxError,invalid syntax,syntax_error,1,<string>,SyntaxError: invalid syntax,1,3.11.16
run_0069,2026-08-23T17:47:30.0923562Z,Check App Syntax,build,0.025,failure,SyntaxError,expected ':',syntax_error,1,<string>,SyntaxError: expected ':',1,3.11.16
run_0070,2026-08-23T17:47:56.0436509Z,Check App Syntax,build,0.026,failure,SyntaxError,expression expected after dictionary key and ':',syntax_error,1,<string>,SyntaxError: expression expected after dictionary key and ':',1,3.11.16
run_0071,2026-08-23T17:48:16.6660272Z,Check App Syntax,build,0.021,failure,SyntaxError,expected ':',syntax_error,1,<string>,SyntaxError: expected ':',1,3.11.16
run_0072,2026-08-23T17:48:43.3673615Z,Check App Syntax,build,0.026,failure,SyntaxError,'(' was never closed,syntax_error,1,<string>,SyntaxError: '(' was never closed,1,3.11.16
run_0073,2026-08-23T17:49:03.8246751Z,Check App Syntax,build,0.023,failure,SyntaxError,'[' was never closed,syntax_error,1,<string>,SyntaxError: '[' was never closed,1,3.11.16
run_0074,2026-08-23T17:49:25.0809077Z,Check App Syntax,build,0.02,failure,IndentationError,unexpected indent,syntax_error,1,<string>,IndentationError: unexpected indent,1,3.11.16
run_0075,2026-08-23T17:49:45.1072021Z,Check App Syntax,build,0.026,failure,SyntaxError,invalid syntax,syntax_error,1,<string>,SyntaxError: invalid syntax,1,3.11.16
run_0076,2026-08-23T17:50:07.0770059Z,Check App Syntax,build,0.027,failure,SyntaxError,invalid syntax,syntax_error,1,<string>,SyntaxError: invalid syntax,1,3.11.16
run_0077,2026-08-23T17:50:27.8242073Z,Check App Syntax,build,0.021,failure,SyntaxError,invalid syntax,syntax_error,1,<string>,SyntaxError: invalid syntax,1,3.11.16
run_0078,2026-08-23T17:50:55.5980444Z,Check App Syntax,build,0.023,failure,SyntaxError,invalid syntax,syntax_error,1,<string>,SyntaxError: invalid syntax,1,3.11.16
run_0079,2026-08-23T17:51:22.2000342Z,Check App Syntax,build,0.026,failure,SyntaxError,expected ':',syntax_error,1,<string>,SyntaxError: expected ':',1,3.11.16
run_0080,2026-08-23T17:51:49.7612304Z,Check App Syntax,build,0.017,failure,SyntaxError,expression expected after dictionary key and ':',syntax_error,1,<string>,SyntaxError: expression expected after dictionary key and ':',1,3.11.16
run_0081,2026-08-23T17:52:09.2896678Z,Check App Syntax,build,0.027,failure,SyntaxError,expected ':',syntax_error,1,<string>,SyntaxError: expected ':',1,3.11.16
run_0082,2026-08-23T17:52:31.4503214Z,Check App Syntax,build,0.023,failure,SyntaxError,'(' was never closed,syntax_error,1,<string>,SyntaxError: '(' was never closed,1,3.11.16
run_0083,2026-08-23T17:52:57.0073025Z,Check App Syntax,build,0.024,failure,SyntaxError,'[' was never closed,syntax_error,1,<string>,SyntaxError: '[' was never closed,1,3.11.16
run_0084,2026-08-23T17:53:17.3898549Z,Check App Syntax,build,0.026,failure,IndentationError,unexpected indent,syntax_error,1,<string>,IndentationError: unexpected indent,1,3.11.16
run_0085,2026-08-23T17:53:37.5344305Z,Check App Syntax,build,0.017,failure,SyntaxError,invalid syntax,syntax_error,1,<string>,SyntaxError: invalid syntax,1,3.11.16
run_0086,2026-08-23T17:53:58.4710465Z,Check App Syntax,build,0.058,failure,SyntaxError,invalid syntax,syntax_error,1,<string>,SyntaxError: invalid syntax,1,3.11.16
run_0087,2026-08-23T17:54:20.4109864Z,Check App Syntax,build,0.025,failure,SyntaxError,invalid syntax,syntax_error,1,<string>,SyntaxError: invalid syntax,1,3.11.16
run_0088,2026-08-23T17:54:45.8016795Z,Check App Syntax,build,0.026,failure,SyntaxError,invalid syntax,syntax_error,1,<string>,SyntaxError: invalid syntax,1,3.11.16
run_0089,2026-08-23T17:55:07.7097170Z,Check App Syntax,build,0.023,failure,SyntaxError,expected ':',syntax_error,1,<string>,SyntaxError: expected ':',1,3.11.16
run_0090,2026-08-23T17:55:35.9409066Z,Check App Syntax,build,0.025,failure,SyntaxError,expression expected after dictionary key and ':',syntax_error,1,<string>,SyntaxError: expression expected after dictionary key and ':',1,3.11.16
run_0091,2026-08-23T17:56:01.7025624Z,Check App Syntax,build,0.024,failure,SyntaxError,expected ':',syntax_error,1,<string>,SyntaxError: expected ':',1,3.11.16
run_0092,2026-08-23T17:56:21.0675895Z,Check App Syntax,build,0.026,failure,SyntaxError,'(' was never closed,syntax_error,1,<string>,SyntaxError: '(' was never closed,1,3.11.16
run_0093,2026-08-23T17:56:43.5347719Z,Check App Syntax,build,0.025,failure,SyntaxError,'[' was never closed,syntax_error,1,<string>,SyntaxError: '[' was never closed,1,3.11.16
run_0094,2026-08-23T17:57:09.4805045Z,Check App Syntax,build,0.024,failure,IndentationError,unexpected indent,syntax_error,1,<string>,IndentationError: unexpected indent,1,3.11.16
run_0095,2026-08-23T17:57:35.4168604Z,Check App Syntax,build,0.021,failure,SyntaxError,invalid syntax,syntax_error,1,<string>,SyntaxError: invalid syntax,1,3.11.16
run_0096,2026-08-23T17:57:55.9784605Z,Check App Syntax,build,0.023,failure,SyntaxError,invalid syntax,syntax_error,1,<string>,SyntaxError: invalid syntax,1,3.11.16
run_0097,2026-08-23T17:58:15.7991237Z,Check App Syntax,build,0.024,failure,SyntaxError,invalid syntax,syntax_error,1,<string>,SyntaxError: invalid syntax,1,3.11.16
run_0098,2026-08-23T17:58:35.6456030Z,Check App Syntax,build,0.026,failure,SyntaxError,invalid syntax,syntax_error,1,<string>,SyntaxError: invalid syntax,1,3.11.16
run_0099,2026-08-23T17:58:55.7697881Z,Check App Syntax,build,0.018,failure,SyntaxError,expected ':',syntax_error,1,<string>,SyntaxError: expected ':',1,3.11.16
run_0100,2026-08-23T17:59:17.5859768Z,Check App Syntax,build,0.024,failure,SyntaxError,expression expected after dictionary key and ':',syntax_error,1,<string>,SyntaxError: expression expected after dictionary key and ':',1,3.11.16
run_0101,2026-08-27T10:51:19.1447739Z,Check App Syntax,build,0.024,failure,SyntaxError,'(' was never closed,syntax_error,1,<string>,SyntaxError: '(' was never closed,1,3.11.16
run_0102,2026-08-27T10:51:52.5985774Z,Check App Syntax,build,0.024,failure,SyntaxError,expected ':',syntax_error,1,<string>,SyntaxError: expected ':',1,3.11.16
run_0103,2026-08-27T10:52:20.3882372Z,Check App Syntax,build,0.023,failure,SyntaxError,'(' was never closed,syntax_error,1,<string>,SyntaxError: '(' was never closed,1,3.11.16
run_0104,2026-08-27T10:52:48.0246009Z,Check App Syntax,build,0.026,failure,SyntaxError,'[' was never closed,syntax_error,1,<string>,SyntaxError: '[' was never closed,1,3.11.16
run_0105,2026-08-27T10:53:14.8222797Z,Check App Syntax,build,0.026,failure,IndentationError,unexpected indent,syntax_error,1,<string>,IndentationError: unexpected indent,1,3.11.16
run_0106,2026-08-27T10:53:36.4906453Z,Check App Syntax,build,0.024,failure,SyntaxError,invalid syntax,syntax_error,1,<string>,SyntaxError: invalid syntax,1,3.11.16
run_0107,2026-08-27T10:54:03.5693163Z,Check App Syntax,build,0.024,failure,SyntaxError,invalid syntax,syntax_error,1,<string>,SyntaxError: invalid syntax,1,3.11.16
run_0108,2026-08-27T10:54:32.8885797Z,Check App Syntax,build,0.026,failure,SyntaxError,invalid syntax,syntax_error,1,<string>,SyntaxError: invalid syntax,1,3.11.16
run_0109,2026-08-27T10:54:59.2987493Z,Check App Syntax,build,0.024,failure,SyntaxError,invalid syntax,syntax_error,1,<string>,SyntaxError: invalid syntax,1,3.11.16
run_0110,2026-08-27T10:55:28.6920931Z,Check App Syntax,build,0.024,failure,SyntaxError,expected ':',syntax_error,1,<string>,SyntaxError: expected ':',1,3.11.16
run_0111,2026-08-27T10:55:55.5333276Z,Check App Syntax,build,0.016,failure,SyntaxError,expression expected after dictionary key and ':',syntax_error,1,<string>,SyntaxError: expression expected after dictionary key and ':',1,3.11.16
run_0112,2026-08-27T10:56:23.3592959Z,Check App Syntax,build,0.024,failure,SyntaxError,expected ':',syntax_error,1,<string>,SyntaxError: expected ':',1,3.11.16
run_0113,2026-08-27T10:56:43.5350294Z,Check App Syntax,build,0.026,failure,SyntaxError,expected ':',syntax_error,1,<string>,SyntaxError: expected ':',1,3.11.16
run_0114,2026-08-27T10:57:05.6738127Z,Check App Syntax,build,0.024,failure,SyntaxError,expected ':',syntax_error,1,<string>,SyntaxError: expected ':',1,3.11.16
run_0115,2026-08-27T10:57:32.3565595Z,Check App Syntax,build,0.026,failure,SyntaxError,expected ':',syntax_error,1,<string>,SyntaxError: expected ':',1,3.11.16
run_0116,2026-08-27T10:57:54.2491220Z,Check App Syntax,build,0.021,failure,SyntaxError,expected ':',syntax_error,1,<string>,SyntaxError: expected ':',1,3.11.16
run_0117,2026-08-27T10:58:20.5372798Z,Check App Syntax,build,0.026,failure,SyntaxError,expected ':',syntax_error,1,<string>,SyntaxError: expected ':',1,3.11.16
run_0118,2026-08-27T10:58:47.9223102Z,Check App Syntax,build,0.026,failure,SyntaxError,expected ':',syntax_error,1,<string>,SyntaxError: expected ':',1,3.11.16
run_0119,2026-08-27T10:59:09.7246690Z,Check App Syntax,build,0.02,failure,SyntaxError,expected ':',syntax_error,1,<string>,SyntaxError: expected ':',1,3.11.16
run_0120,2026-08-27T10:59:29.4726847Z,Check App Syntax,build,0.02,failure,SyntaxError,expected ':',syntax_error,1,<string>,SyntaxError: expected ':',1,3.11.16
run_0121,2026-08-27T10:59:50.8167603Z,Check App Syntax,build,0.02,failure,SyntaxError,invalid syntax,syntax_error,1,<string>,SyntaxError: invalid syntax,1,3.11.16
run_0122,2026-08-27T11:00:12.3571720Z,Check App Syntax,build,0.024,failure,SyntaxError,'{' was never closed,syntax_error,1,<string>,SyntaxError: '{' was never closed,1,3.11.16
run_0123,2026-08-27T11:00:33.8700700Z,Check App Syntax,build,0.026,failure,SyntaxError,'(' was never closed,syntax_error,1,<string>,SyntaxError: '(' was never closed,1,3.11.16
run_0124,2026-08-27T11:01:01.2642358Z,Check App Syntax,build,0.016,failure,SyntaxError,'(' was never closed,syntax_error,1,<string>,SyntaxError: '(' was never closed,1,3.11.16
run_0125,2026-08-27T11:01:30.8441433Z,Check App Syntax,build,0.023,failure,SyntaxError,'[' was never closed,syntax_error,1,<string>,SyntaxError: '[' was never closed,1,3.11.16
run_0126,2026-08-27T11:01:55.9849397Z,Check App Syntax,build,0.02,failure,SyntaxError,'{' was never closed,syntax_error,1,<string>,SyntaxError: '{' was never closed,1,3.11.16
run_0127,2026-08-27T11:02:18.5411910Z,Check App Syntax,build,0.024,failure,SyntaxError,expected '(',syntax_error,1,<string>,SyntaxError: expected '(',1,3.11.16
run_0128,2026-08-27T11:02:50.0642321Z,Check App Syntax,build,0.02,failure,SyntaxError,arguments cannot follow var-keyword argument,syntax_error,1,<string>,SyntaxError: arguments cannot follow var-keyword argument,1,3.11.16
run_0129,2026-08-27T11:03:20.0152403Z,Check App Syntax,build,0.024,failure,IndentationError,expected an indented block after class definition on line 1,syntax_error,1,<string>,IndentationError: expected an indented block after class definition on line 1,1,3.11.16
run_0130,2026-08-27T11:03:44.7539261Z,Check App Syntax,build,0.023,failure,SyntaxError,invalid syntax,syntax_error,1,<string>,SyntaxError: invalid syntax,1,3.11.16
run_0131,2026-08-27T11:04:07.4102023Z,Check App Syntax,build,0.026,failure,SyntaxError,'return' outside function,syntax_error,1,<string>,SyntaxError: 'return' outside function,1,3.11.16
run_0132,2026-08-27T11:04:34.7501352Z,Check App Syntax,build,0.024,failure,SyntaxError,invalid syntax,syntax_error,1,<string>,SyntaxError: invalid syntax,1,3.11.16
run_0133,2026-08-27T11:05:01.7000940Z,Check App Syntax,build,0.021,failure,SyntaxError,invalid syntax,syntax_error,1,<string>,SyntaxError: invalid syntax,1,3.11.16
run_0134,2026-08-27T11:05:31.3861407Z,Check App Syntax,build,0.023,failure,IndentationError,expected an indented block after 'if' statement on line 4,syntax_error,1,<string>,IndentationError: expected an indented block after 'if' statement on line 4,1,3.11.16
run_0135,2026-08-27T11:05:57.1850485Z,Check App Syntax,build,0.024,failure,SyntaxError,invalid syntax,syntax_error,1,<string>,SyntaxError: invalid syntax,1,3.11.16
run_0136,2026-08-27T11:06:26.1660078Z,Check App Syntax,build,0.023,failure,SyntaxError,invalid syntax,syntax_error,1,<string>,SyntaxError: invalid syntax,1,3.11.16
run_0137,2026-08-27T11:06:47.1063070Z,Check App Syntax,build,0.026,failure,SyntaxError,invalid syntax,syntax_error,1,<string>,SyntaxError: invalid syntax,1,3.11.16
run_0138,2026-08-27T11:07:13.2489972Z,Check App Syntax,build,0.026,failure,SyntaxError,invalid syntax,syntax_error,1,<string>,SyntaxError: invalid syntax,1,3.11.16
run_0139,2026-08-27T11:07:34.2316212Z,Check App Syntax,build,0.023,failure,SyntaxError,invalid syntax,syntax_error,1,<string>,SyntaxError: invalid syntax,1,3.11.16
run_0140,2026-08-27T11:08:01.3534759Z,Check App Syntax,build,0.026,failure,SyntaxError,expected 'except' or 'finally' block,syntax_error,1,<string>,SyntaxError: expected 'except' or 'finally' block,1,3.11.16
run_0141,2026-08-27T11:08:27.4275002Z,Check App Syntax,build,0.023,failure,SyntaxError,invalid syntax,syntax_error,1,<string>,SyntaxError: invalid syntax,1,3.11.16
run_0142,2026-08-27T11:08:48.9280442Z,Check App Syntax,build,0.023,failure,SyntaxError,invalid syntax,syntax_error,1,<string>,SyntaxError: invalid syntax,1,3.11.16
run_0143,2026-08-27T11:09:15.9976908Z,Check App Syntax,build,0.026,failure,SyntaxError,invalid syntax,syntax_error,1,<string>,SyntaxError: invalid syntax,1,3.11.16
run_0144,2026-08-27T11:09:36.5594949Z,Check App Syntax,build,0.024,failure,SyntaxError,invalid syntax,syntax_error,1,<string>,SyntaxError: invalid syntax,1,3.11.16
run_0145,2026-08-27T11:10:08.0674316Z,Check App Syntax,build,0.02,failure,SyntaxError,invalid syntax,syntax_error,1,<string>,SyntaxError: invalid syntax,1,3.11.16
run_0146,2026-08-27T11:10:31.6600129Z,Check App Syntax,build,0.024,failure,SyntaxError,invalid syntax,syntax_error,1,<string>,SyntaxError: invalid syntax,1,3.11.16
run_0147,2026-08-27T11:10:57.3463190Z,Check App Syntax,build,0.021,failure,SyntaxError,invalid syntax,syntax_error,1,<string>,SyntaxError: invalid syntax,1,3.11.16
run_0148,2026-08-27T11:11:18.7697529Z,Check App Syntax,build,0.023,failure,SyntaxError,cannot assign to function call here. Maybe you meant '==' instead of '='?,syntax_error,1,<string>,SyntaxError: cannot assign to function call here. Maybe you meant '==' instead of '='?,1,3.11.16
run_0149,2026-08-27T11:11:45.1236716Z,Check App Syntax,build,0.024,failure,SyntaxError,cannot use assignment expressions with expression,syntax_error,1,<string>,SyntaxError: cannot use assignment expressions with expression,1,3.11.16
run_0150,2026-08-27T11:12:05.8513696Z,Check App Syntax,build,0.02,failure,SyntaxError,'(' was never closed,syntax_error,1,<string>,SyntaxError: '(' was never closed,1,3.11.16
run_0151,2026-08-27T11:12:27.8816016Z,Check App Syntax,build,0.022,failure,SyntaxError,cannot assign to literal here. Maybe you meant '==' instead of '='?,syntax_error,1,<string>,SyntaxError: cannot assign to literal here. Maybe you meant '==' instead of '='?,1,3.11.16
run_0152,2026-08-27T11:13:00.8897560Z,Check App Syntax,build,0.018,failure,SyntaxError,cannot delete literal,syntax_error,1,<string>,SyntaxError: cannot delete literal,1,3.11.16
run_0153,2026-08-27T11:13:22.8832646Z,Check App Syntax,build,0.025,failure,SyntaxError,cannot assign to function call here. Maybe you meant '==' instead of '='?,syntax_error,1,<string>,SyntaxError: cannot assign to function call here. Maybe you meant '==' instead of '='?,1,3.11.16
run_0154,2026-08-27T11:13:53.6094781Z,Check App Syntax,build,0.024,failure,SyntaxError,invalid syntax,syntax_error,1,<string>,SyntaxError: invalid syntax,1,3.11.16
run_0155,2026-08-27T11:14:21.6176671Z,Check App Syntax,build,0.018,failure,SyntaxError,invalid syntax,syntax_error,1,<string>,SyntaxError: invalid syntax,1,3.11.16
run_0156,2026-08-27T11:14:48.3494124Z,Check App Syntax,build,0.023,failure,SyntaxError,'[' was never closed,syntax_error,1,<string>,SyntaxError: '[' was never closed,1,3.11.16
run_0157,2026-08-27T11:15:08.3847614Z,Check App Syntax,build,0.026,failure,SyntaxError,invalid syntax,syntax_error,1,<string>,SyntaxError: invalid syntax,1,3.11.16
run_0158,2026-08-27T11:15:30.1998794Z,Check App Syntax,build,0.026,failure,SyntaxError,Invalid star expression,syntax_error,1,<string>,SyntaxError: Invalid star expression,1,3.11.16
run_0159,2026-08-27T11:15:56.5315709Z,Check App Syntax,build,0.026,failure,SyntaxError,unterminated string literal (detected at line 4),syntax_error,1,<string>,SyntaxError: unterminated string literal (detected at line 4),1,3.11.16
run_0160,2026-08-27T11:16:23.2822026Z,Check App Syntax,build,0.026,failure,SyntaxError,unterminated string literal (detected at line 4),syntax_error,1,<string>,SyntaxError: unterminated string literal (detected at line 4),1,3.11.16
run_0161,2026-08-27T11:16:43.5985718Z,Check App Syntax,build,0.019,failure,SyntaxError,unterminated triple-quoted string literal (detected at line 5),syntax_error,1,<string>,SyntaxError: unterminated triple-quoted string literal (detected at line 5),1,3.11.16
run_0162,2026-08-27T11:17:17.3869282Z,Check App Syntax,build,0.02,failure,SyntaxError,f-string: empty expression not allowed,syntax_error,1,<string>,SyntaxError: f-string: empty expression not allowed,1,3.11.16
run_0163,2026-08-27T11:17:37.4661512Z,Check App Syntax,build,0.021,failure,SyntaxError,f-string expression part cannot include a backslash,syntax_error,1,<string>,SyntaxError: f-string expression part cannot include a backslash,1,3.11.16
run_0164,2026-08-27T11:17:57.2187095Z,Check App Syntax,build,0.025,failure,SyntaxError,f-string: expecting '}',syntax_error,1,<string>,SyntaxError: f-string: expecting '}',1,3.11.16
run_0165,2026-08-27T11:18:18.2908879Z,Check App Syntax,build,0.018,failure,SyntaxError,invalid syntax,syntax_error,1,<string>,SyntaxError: invalid syntax,1,3.11.16
run_0166,2026-08-27T11:18:44.9935561Z,Check App Syntax,build,0.024,failure,SyntaxError,invalid syntax. Perhaps you forgot a comma?,syntax_error,1,<string>,SyntaxError: invalid syntax. Perhaps you forgot a comma?,1,3.11.16
run_0167,2026-08-27T11:19:12.5539892Z,Check App Syntax,build,0.023,failure,SyntaxError,'[' was never closed,syntax_error,1,<string>,SyntaxError: '[' was never closed,1,3.11.16
run_0168,2026-08-27T11:19:45.7394534Z,Check App Syntax,build,0.018,failure,SyntaxError,invalid syntax. Perhaps you forgot a comma?,syntax_error,1,<string>,SyntaxError: invalid syntax. Perhaps you forgot a comma?,1,3.11.16
run_0169,2026-08-27T11:20:05.2121009Z,Check App Syntax,build,0.02,failure,SyntaxError,'(' was never closed,syntax_error,1,<string>,SyntaxError: '(' was never closed,1,3.11.16
run_0170,2026-08-27T11:20:26.7931411Z,Check App Syntax,build,0.025,failure,IndentationError,expected an indented block after function definition on line 1,syntax_error,1,<string>,IndentationError: expected an indented block after function definition on line 1,1,3.11.16
run_0171,2026-08-27T11:20:54.6357798Z,Check App Syntax,build,0.024,failure,IndentationError,unindent does not match any outer indentation level,syntax_error,1,<string>,IndentationError: unindent does not match any outer indentation level,1,3.11.16
run_0172,2026-08-27T11:21:20.5989887Z,Check App Syntax,build,0.024,failure,IndentationError,unindent does not match any outer indentation level,syntax_error,1,<string>,IndentationError: unindent does not match any outer indentation level,1,3.11.16
run_0173,2026-08-27T11:21:40.6614978Z,Check App Syntax,build,0.026,failure,IndentationError,unexpected indent,syntax_error,1,<string>,IndentationError: unexpected indent,1,3.11.16
run_0174,2026-08-27T11:22:00.6050413Z,Check App Syntax,build,0.021,failure,SyntaxError,'return' outside function,syntax_error,1,<string>,SyntaxError: 'return' outside function,1,3.11.16
run_0175,2026-08-27T11:22:21.5110684Z,Check App Syntax,build,0.024,failure,IndentationError,unexpected indent,syntax_error,1,<string>,IndentationError: unexpected indent,1,3.11.16
run_0176,2026-08-27T11:22:42.5194541Z,Check App Syntax,build,0.024,failure,TabError,inconsistent use of tabs and spaces in indentation,syntax_error,1,<string>,TabError: inconsistent use of tabs and spaces in indentation,1,3.11.16
run_0177,2026-08-27T11:23:08.5170155Z,Check App Syntax,build,0.026,failure,TabError,inconsistent use of tabs and spaces in indentation,syntax_error,1,<string>,TabError: inconsistent use of tabs and spaces in indentation,1,3.11.16
run_0178,2026-08-27T11:23:35.0111981Z,Check App Syntax,build,0.024,failure,TabError,inconsistent use of tabs and spaces in indentation,syntax_error,1,<string>,TabError: inconsistent use of tabs and spaces in indentation,1,3.11.16
run_0179,2026-08-27T11:24:02.9911347Z,Check App Syntax,build,0.026,failure,SyntaxError,Missing parentheses in call to 'print'. Did you mean print(...)?,syntax_error,1,<string>,SyntaxError: Missing parentheses in call to 'print'. Did you mean print(...)?,1,3.11.16
run_0180,2026-08-27T11:24:30.3676765Z,Check App Syntax,build,0.026,failure,SyntaxError,invalid syntax,syntax_error,1,<string>,SyntaxError: invalid syntax,1,3.11.16
run_0181,2026-08-27T11:25:03.3076843Z,Check App Syntax,build,0.026,failure,SyntaxError,invalid syntax,syntax_error,1,<string>,SyntaxError: invalid syntax,1,3.11.16
run_0182,2026-08-27T11:25:23.2958880Z,Check App Syntax,build,0.025,failure,SyntaxError,invalid syntax,syntax_error,1,<string>,SyntaxError: invalid syntax,1,3.11.16
run_0183,2026-08-27T11:25:44.6112973Z,Check App Syntax,build,0.024,failure,SyntaxError,invalid syntax,syntax_error,1,<string>,SyntaxError: invalid syntax,1,3.11.16
run_0184,2026-08-27T11:26:05.8040829Z,Check App Syntax,build,0.023,failure,SyntaxError,'yield' outside function,syntax_error,1,<string>,SyntaxError: 'yield' outside function,1,3.11.16
run_0185,2026-08-27T11:26:26.0834197Z,Check App Syntax,build,0.021,failure,SyntaxError,'await' outside function,syntax_error,1,<string>,SyntaxError: 'await' outside function,1,3.11.16
run_0186,2026-08-27T11:26:48.2357587Z,Check App Syntax,build,0.024,failure,IndentationError,expected an indented block after function definition on line 1,syntax_error,1,<string>,IndentationError: expected an indented block after function definition on line 1,1,3.11.16
run_0187,2026-08-27T11:27:16.3318650Z,Check App Syntax,build,0.025,failure,SyntaxError,invalid syntax,syntax_error,1,<string>,SyntaxError: invalid syntax,1,3.11.16
run_0188,2026-08-27T11:27:41.3107378Z,Check App Syntax,build,0.026,failure,SyntaxError,'continue' not properly in loop,syntax_error,1,<string>,SyntaxError: 'continue' not properly in loop,1,3.11.16
run_0189,2026-08-27T11:28:02.8720601Z,Check App Syntax,build,0.026,failure,SyntaxError,'break' outside loop,syntax_error,1,<string>,SyntaxError: 'break' outside loop,1,3.11.16
run_0190,2026-08-27T11:28:24.2567568Z,Check App Syntax,build,0.027,failure,SyntaxError,invalid syntax,syntax_error,1,<string>,SyntaxError: invalid syntax,1,3.11.16
run_0191,2026-08-27T11:28:50.9047723Z,Check App Syntax,build,0.018,failure,SyntaxError,cannot use assignment expressions with expression,syntax_error,1,<string>,SyntaxError: cannot use assignment expressions with expression,1,3.11.16
run_0192,2026-08-27T11:29:18.3682010Z,Check App Syntax,build,0.02,failure,SyntaxError,invalid syntax,syntax_error,1,<string>,SyntaxError: invalid syntax,1,3.11.16
run_0193,2026-08-27T11:29:38.0964237Z,Check App Syntax,build,0.02,failure,SyntaxError,invalid syntax,syntax_error,1,<string>,SyntaxError: invalid syntax,1,3.11.16
run_0194,2026-08-27T11:29:59.2005839Z,Check App Syntax,build,0.024,failure,SyntaxError,invalid syntax,syntax_error,1,<string>,SyntaxError: invalid syntax,1,3.11.16
run_0195,2026-08-27T11:30:25.3783347Z,Check App Syntax,build,0.024,failure,SyntaxError,invalid syntax,syntax_error,1,<string>,SyntaxError: invalid syntax,1,3.11.16
run_0196,2026-08-27T11:30:46.4889412Z,Check App Syntax,build,0.025,failure,SyntaxError,invalid syntax,syntax_error,1,<string>,SyntaxError: invalid syntax,1,3.11.16
run_0197,2026-08-27T11:31:21.3776944Z,Check App Syntax,build,0.024,failure,SyntaxError,'(' was never closed,syntax_error,1,<string>,SyntaxError: '(' was never closed,1,3.11.16
run_0198,2026-08-27T11:31:46.6930754Z,Check App Syntax,build,0.023,failure,SyntaxError,invalid syntax,syntax_error,1,<string>,SyntaxError: invalid syntax,1,3.11.16
run_0199,2026-08-27T11:32:08.8571510Z,Check App Syntax,build,0.026,failure,SyntaxError,invalid syntax,syntax_error,1,<string>,SyntaxError: invalid syntax,1,3.11.16
run_0200,2026-08-27T11:32:29.5179682Z,Check App Syntax,build,0.024,failure,IndentationError,unexpected indent,syntax_error,1,<string>,IndentationError: unexpected indent,1,3.11.16
run_0201,2026-08-27T11:32:56.2960655Z,Check App Syntax,build,0.016,failure,SyntaxError,leading zeros in decimal integer literals are not permitted; use an 0o prefix for octal integers,syntax_error,1,<string>,SyntaxError: leading zeros in decimal integer literals are not permitted; use an 0o prefix for octal integers,1,3.11.16
run_0202,2026-08-27T11:33:24.0804090Z,Check App Syntax,build,0.028,failure,SyntaxError,'(' was never closed,syntax_error,1,<string>,SyntaxError: '(' was never closed,1,3.11.16
run_0203,2026-08-27T11:33:51.3846486Z,Check App Syntax,build,0.024,failure,SyntaxError,expected ':',syntax_error,1,<string>,SyntaxError: expected ':',1,3.11.16
run_0204,2026-08-27T11:34:17.8159935Z,Check App Syntax,build,0.025,failure,SyntaxError,'(' was never closed,syntax_error,1,<string>,SyntaxError: '(' was never closed,1,3.11.16
run_0205,2026-08-27T11:34:44.9525756Z,Check App Syntax,build,0.022,failure,SyntaxError,'[' was never closed,syntax_error,1,<string>,SyntaxError: '[' was never closed,1,3.11.16
run_0206,2026-08-27T11:35:05.7248304Z,Check App Syntax,build,0.025,failure,IndentationError,unexpected indent,syntax_error,1,<string>,IndentationError: unexpected indent,1,3.11.16
run_0207,2026-08-27T11:35:38.8729560Z,Check App Syntax,build,0.024,failure,SyntaxError,invalid syntax,syntax_error,1,<string>,SyntaxError: invalid syntax,1,3.11.16
run_0208,2026-08-27T11:36:05.9621280Z,Check App Syntax,build,0.024,failure,SyntaxError,invalid syntax,syntax_error,1,<string>,SyntaxError: invalid syntax,1,3.11.16
run_0209,2026-08-27T11:36:26.6787999Z,Check App Syntax,build,0.027,failure,SyntaxError,invalid syntax,syntax_error,1,<string>,SyntaxError: invalid syntax,1,3.11.16
run_0210,2026-08-27T11:36:47.9539393Z,Check App Syntax,build,0.02,failure,SyntaxError,invalid syntax,syntax_error,1,<string>,SyntaxError: invalid syntax,1,3.11.16
run_0211,2026-08-27T11:37:15.9498663Z,Check App Syntax,build,0.026,failure,SyntaxError,expected ':',syntax_error,1,<string>,SyntaxError: expected ':',1,3.11.16
run_0212,2026-08-27T11:37:41.3286917Z,Check App Syntax,build,0.025,failure,SyntaxError,expression expected after dictionary key and ':',syntax_error,1,<string>,SyntaxError: expression expected after dictionary key and ':',1,3.11.16
run_0213,2026-08-27T11:38:01.9800128Z,Check App Syntax,build,0.025,failure,SyntaxError,expected ':',syntax_error,1,<string>,SyntaxError: expected ':',1,3.11.16
run_0214,2026-08-27T11:38:29.5005393Z,Check App Syntax,build,0.016,failure,SyntaxError,expected ':',syntax_error,1,<string>,SyntaxError: expected ':',1,3.11.16
run_0215,2026-08-27T11:39:03.2692230Z,Check App Syntax,build,0.02,failure,SyntaxError,expected ':',syntax_error,1,<string>,SyntaxError: expected ':',1,3.11.16
run_0216,2026-08-27T11:39:30.5278659Z,Check App Syntax,build,0.025,failure,SyntaxError,expected ':',syntax_error,1,<string>,SyntaxError: expected ':',1,3.11.16
run_0217,2026-08-27T11:39:56.9232239Z,Check App Syntax,build,0.026,failure,SyntaxError,expected ':',syntax_error,1,<string>,SyntaxError: expected ':',1,3.11.16
run_0218,2026-08-27T11:40:18.5254867Z,Check App Syntax,build,0.024,failure,SyntaxError,expected ':',syntax_error,1,<string>,SyntaxError: expected ':',1,3.11.16
run_0219,2026-08-27T11:40:45.0025478Z,Check App Syntax,build,0.023,failure,SyntaxError,expected ':',syntax_error,1,<string>,SyntaxError: expected ':',1,3.11.16
run_0220,2026-08-27T11:41:11.5204782Z,Check App Syntax,build,0.02,failure,SyntaxError,expected ':',syntax_error,1,<string>,SyntaxError: expected ':',1,3.11.16
run_0221,2026-08-27T11:41:39.9639371Z,Check App Syntax,build,0.023,failure,SyntaxError,expected ':',syntax_error,1,<string>,SyntaxError: expected ':',1,3.11.16
run_0222,2026-08-27T11:42:06.4477307Z,Check App Syntax,build,0.024,failure,SyntaxError,invalid syntax,syntax_error,1,<string>,SyntaxError: invalid syntax,1,3.11.16
run_0223,2026-08-27T11:42:33.3863487Z,Check App Syntax,build,0.033,failure,SyntaxError,'{' was never closed,syntax_error,1,<string>,SyntaxError: '{' was never closed,1,3.11.16
run_0224,2026-08-27T11:43:00.8347345Z,Check App Syntax,build,0.017,failure,SyntaxError,'(' was never closed,syntax_error,1,<string>,SyntaxError: '(' was never closed,1,3.11.16
run_0225,2026-08-27T11:43:20.3720917Z,Check App Syntax,build,0.023,failure,SyntaxError,'(' was never closed,syntax_error,1,<string>,SyntaxError: '(' was never closed,1,3.11.16
run_0226,2026-08-27T11:43:41.0625818Z,Check App Syntax,build,0.017,failure,SyntaxError,'[' was never closed,syntax_error,1,<string>,SyntaxError: '[' was never closed,1,3.11.16
run_0227,2026-08-27T11:44:01.2644857Z,Check App Syntax,build,0.025,failure,SyntaxError,'{' was never closed,syntax_error,1,<string>,SyntaxError: '{' was never closed,1,3.11.16
run_0228,2026-08-27T11:44:29.6347332Z,Check App Syntax,build,0.026,failure,SyntaxError,expected '(',syntax_error,1,<string>,SyntaxError: expected '(',1,3.11.16
run_0229,2026-08-27T11:44:55.2982413Z,Check App Syntax,build,0.018,failure,SyntaxError,arguments cannot follow var-keyword argument,syntax_error,1,<string>,SyntaxError: arguments cannot follow var-keyword argument,1,3.11.16
run_0230,2026-08-27T11:45:28.8127266Z,Check App Syntax,build,0.02,failure,IndentationError,expected an indented block after class definition on line 1,syntax_error,1,<string>,IndentationError: expected an indented block after class definition on line 1,1,3.11.16
run_0231,2026-08-27T11:45:49.2633223Z,Check App Syntax,build,0.019,failure,SyntaxError,invalid syntax,syntax_error,1,<string>,SyntaxError: invalid syntax,1,3.11.16
run_0232,2026-08-27T11:46:16.8562911Z,Check App Syntax,build,0.024,failure,SyntaxError,'return' outside function,syntax_error,1,<string>,SyntaxError: 'return' outside function,1,3.11.16
run_0233,2026-08-27T11:46:43.4646586Z,Check App Syntax,build,0.026,failure,SyntaxError,invalid syntax,syntax_error,1,<string>,SyntaxError: invalid syntax,1,3.11.16
run_0234,2026-08-27T11:47:04.3098952Z,Check App Syntax,build,0.024,failure,SyntaxError,invalid syntax,syntax_error,1,<string>,SyntaxError: invalid syntax,1,3.11.16
run_0235,2026-08-27T11:47:31.2002577Z,Check App Syntax,build,0.026,failure,IndentationError,expected an indented block after 'if' statement on line 4,syntax_error,1,<string>,IndentationError: expected an indented block after 'if' statement on line 4,1,3.11.16
run_0236,2026-08-27T11:47:58.0649011Z,Check App Syntax,build,0.064,failure,SyntaxError,invalid syntax,syntax_error,1,<string>,SyntaxError: invalid syntax,1,3.11.16
run_0237,2026-08-27T11:48:25.7347264Z,Check App Syntax,build,0.025,failure,SyntaxError,invalid syntax,syntax_error,1,<string>,SyntaxError: invalid syntax,1,3.11.16
run_0238,2026-08-27T11:48:53.6741224Z,Check App Syntax,build,0.026,failure,SyntaxError,invalid syntax,syntax_error,1,<string>,SyntaxError: invalid syntax,1,3.11.16
run_0239,2026-08-27T11:49:13.6530994Z,Check App Syntax,build,0.026,failure,SyntaxError,invalid syntax,syntax_error,1,<string>,SyntaxError: invalid syntax,1,3.11.16
run_0240,2026-08-27T11:49:35.3965150Z,Check App Syntax,build,0.025,failure,SyntaxError,invalid syntax,syntax_error,1,<string>,SyntaxError: invalid syntax,1,3.11.16
run_0241,2026-08-27T11:50:03.2151750Z,Check App Syntax,build,0.024,failure,SyntaxError,expected 'except' or 'finally' block,syntax_error,1,<string>,SyntaxError: expected 'except' or 'finally' block,1,3.11.16
run_0242,2026-08-27T11:50:30.0092217Z,Check App Syntax,build,0.024,failure,SyntaxError,invalid syntax,syntax_error,1,<string>,SyntaxError: invalid syntax,1,3.11.16
run_0243,2026-08-27T11:50:58.6166149Z,Check App Syntax,build,0.024,failure,SyntaxError,invalid syntax,syntax_error,1,<string>,SyntaxError: invalid syntax,1,3.11.16
run_0244,2026-08-27T11:51:28.7865276Z,Check App Syntax,build,0.024,failure,SyntaxError,invalid syntax,syntax_error,1,<string>,SyntaxError: invalid syntax,1,3.11.16
run_0245,2026-08-27T11:51:50.7809614Z,Check App Syntax,build,0.025,failure,SyntaxError,invalid syntax,syntax_error,1,<string>,SyntaxError: invalid syntax,1,3.11.16
run_0246,2026-08-27T11:52:14.8036900Z,Check App Syntax,build,0.02,failure,SyntaxError,invalid syntax,syntax_error,1,<string>,SyntaxError: invalid syntax,1,3.11.16
run_0247,2026-08-27T11:52:37.8537585Z,Check App Syntax,build,0.023,failure,SyntaxError,invalid syntax,syntax_error,1,<string>,SyntaxError: invalid syntax,1,3.11.16
run_0248,2026-08-27T11:53:02.1721777Z,Check App Syntax,build,0.023,failure,SyntaxError,invalid syntax,syntax_error,1,<string>,SyntaxError: invalid syntax,1,3.11.16
run_0249,2026-08-27T11:53:29.9377826Z,Check App Syntax,build,0.019,failure,SyntaxError,cannot assign to function call here. Maybe you meant '==' instead of '='?,syntax_error,1,<string>,SyntaxError: cannot assign to function call here. Maybe you meant '==' instead of '='?,1,3.11.16
run_0250,2026-08-27T11:53:58.1546083Z,Check App Syntax,build,0.02,failure,SyntaxError,cannot use assignment expressions with expression,syntax_error,1,<string>,SyntaxError: cannot use assignment expressions with expression,1,3.11.16
run_0251,2026-08-27T11:54:20.2523427Z,Check App Syntax,build,0.024,failure,SyntaxError,'(' was never closed,syntax_error,1,<string>,SyntaxError: '(' was never closed,1,3.11.16
run_0252,2026-08-27T11:54:48.8104438Z,Check App Syntax,build,0.024,failure,SyntaxError,cannot assign to literal here. Maybe you meant '==' instead of '='?,syntax_error,1,<string>,SyntaxError: cannot assign to literal here. Maybe you meant '==' instead of '='?,1,3.11.16
run_0253,2026-08-27T11:55:10.1265375Z,Check App Syntax,build,0.027,failure,SyntaxError,cannot delete literal,syntax_error,1,<string>,SyntaxError: cannot delete literal,1,3.11.16
run_0254,2026-08-27T11:55:33.2357754Z,Check App Syntax,build,0.026,failure,SyntaxError,cannot assign to function call here. Maybe you meant '==' instead of '='?,syntax_error,1,<string>,SyntaxError: cannot assign to function call here. Maybe you meant '==' instead of '='?,1,3.11.16
run_0255,2026-08-27T11:55:55.7363262Z,Check App Syntax,build,0.026,failure,SyntaxError,invalid syntax,syntax_error,1,<string>,SyntaxError: invalid syntax,1,3.11.16
run_0256,2026-08-27T11:56:18.9864445Z,Check App Syntax,build,0.026,failure,SyntaxError,invalid syntax,syntax_error,1,<string>,SyntaxError: invalid syntax,1,3.11.16
run_0257,2026-08-27T11:56:49.7062587Z,Check App Syntax,build,0.024,failure,SyntaxError,'[' was never closed,syntax_error,1,<string>,SyntaxError: '[' was never closed,1,3.11.16
run_0258,2026-08-27T11:57:14.2736162Z,Check App Syntax,build,0.028,failure,SyntaxError,invalid syntax,syntax_error,1,<string>,SyntaxError: invalid syntax,1,3.11.16
run_0259,2026-08-27T11:57:38.0970093Z,Check App Syntax,build,0.017,failure,SyntaxError,Invalid star expression,syntax_error,1,<string>,SyntaxError: Invalid star expression,1,3.11.16
run_0260,2026-08-27T11:58:08.7430121Z,Check App Syntax,build,0.024,failure,SyntaxError,unterminated string literal (detected at line 4),syntax_error,1,<string>,SyntaxError: unterminated string literal (detected at line 4),1,3.11.16
run_0261,2026-08-27T11:58:49.2617235Z,Check App Syntax,build,0.023,failure,SyntaxError,unterminated string literal (detected at line 4),syntax_error,1,<string>,SyntaxError: unterminated string literal (detected at line 4),1,3.11.16
run_0262,2026-08-27T11:59:15.2804973Z,Check App Syntax,build,0.024,failure,SyntaxError,unterminated triple-quoted string literal (detected at line 5),syntax_error,1,<string>,SyntaxError: unterminated triple-quoted string literal (detected at line 5),1,3.11.16
run_0263,2026-08-27T11:59:39.4146099Z,Check App Syntax,build,0.026,failure,SyntaxError,f-string: empty expression not allowed,syntax_error,1,<string>,SyntaxError: f-string: empty expression not allowed,1,3.11.16
run_0264,2026-08-27T12:00:12.7124500Z,Check App Syntax,build,0.026,failure,SyntaxError,f-string expression part cannot include a backslash,syntax_error,1,<string>,SyntaxError: f-string expression part cannot include a backslash,1,3.11.16
run_0265,2026-08-27T12:00:40.2985362Z,Check App Syntax,build,0.025,failure,SyntaxError,f-string: expecting '}',syntax_error,1,<string>,SyntaxError: f-string: expecting '}',1,3.11.16
run_0266,2026-08-27T12:01:11.6185041Z,Check App Syntax,build,0.018,failure,SyntaxError,invalid syntax,syntax_error,1,<string>,SyntaxError: invalid syntax,1,3.11.16
run_0267,2026-08-27T12:01:44.9159030Z,Check App Syntax,build,0.024,failure,SyntaxError,invalid syntax. Perhaps you forgot a comma?,syntax_error,1,<string>,SyntaxError: invalid syntax. Perhaps you forgot a comma?,1,3.11.16
run_0268,2026-08-27T12:02:10.9859575Z,Check App Syntax,build,0.024,failure,SyntaxError,'[' was never closed,syntax_error,1,<string>,SyntaxError: '[' was never closed,1,3.11.16
run_0269,2026-08-27T12:02:34.5857271Z,Check App Syntax,build,0.02,failure,SyntaxError,invalid syntax. Perhaps you forgot a comma?,syntax_error,1,<string>,SyntaxError: invalid syntax. Perhaps you forgot a comma?,1,3.11.16
run_0270,2026-08-27T12:03:04.5779091Z,Check App Syntax,build,0.024,failure,SyntaxError,'(' was never closed,syntax_error,1,<string>,SyntaxError: '(' was never closed,1,3.11.16
run_0271,2026-08-27T12:03:26.5940712Z,Check App Syntax,build,0.025,failure,IndentationError,expected an indented block after function definition on line 1,syntax_error,1,<string>,IndentationError: expected an indented block after function definition on line 1,1,3.11.16
run_0272,2026-08-27T12:03:57.0732140Z,Check App Syntax,build,0.02,failure,IndentationError,unindent does not match any outer indentation level,syntax_error,1,<string>,IndentationError: unindent does not match any outer indentation level,1,3.11.16
run_0273,2026-08-27T12:04:20.4390048Z,Check App Syntax,build,0.018,failure,IndentationError,unindent does not match any outer indentation level,syntax_error,1,<string>,IndentationError: unindent does not match any outer indentation level,1,3.11.16
run_0274,2026-08-27T12:04:50.6295516Z,Check App Syntax,build,0.024,failure,IndentationError,unexpected indent,syntax_error,1,<string>,IndentationError: unexpected indent,1,3.11.16
run_0275,2026-08-27T12:05:20.3686623Z,Check App Syntax,build,0.026,failure,SyntaxError,'return' outside function,syntax_error,1,<string>,SyntaxError: 'return' outside function,1,3.11.16
run_0276,2026-08-27T12:05:49.6676552Z,Check App Syntax,build,0.025,failure,IndentationError,unexpected indent,syntax_error,1,<string>,IndentationError: unexpected indent,1,3.11.16
run_0277,2026-08-27T12:06:13.1660417Z,Check App Syntax,build,0.024,failure,TabError,inconsistent use of tabs and spaces in indentation,syntax_error,1,<string>,TabError: inconsistent use of tabs and spaces in indentation,1,3.11.16
run_0278,2026-08-27T12:06:42.4205968Z,Check App Syntax,build,0.02,failure,TabError,inconsistent use of tabs and spaces in indentation,syntax_error,1,<string>,TabError: inconsistent use of tabs and spaces in indentation,1,3.11.16
run_0279,2026-08-27T12:07:12.8299411Z,Check App Syntax,build,0.024,failure,TabError,inconsistent use of tabs and spaces in indentation,syntax_error,1,<string>,TabError: inconsistent use of tabs and spaces in indentation,1,3.11.16
run_0280,2026-08-27T12:07:41.5666248Z,Check App Syntax,build,0.02,failure,SyntaxError,Missing parentheses in call to 'print'. Did you mean print(...)?,syntax_error,1,<string>,SyntaxError: Missing parentheses in call to 'print'. Did you mean print(...)?,1,3.11.16
run_0281,2026-08-27T12:08:05.3661380Z,Check App Syntax,build,0.018,failure,SyntaxError,invalid syntax,syntax_error,1,<string>,SyntaxError: invalid syntax,1,3.11.16
run_0282,2026-08-27T12:08:35.8931913Z,Check App Syntax,build,0.026,failure,SyntaxError,invalid syntax,syntax_error,1,<string>,SyntaxError: invalid syntax,1,3.11.16
run_0283,2026-08-27T12:09:05.7566049Z,Check App Syntax,build,0.024,failure,SyntaxError,invalid syntax,syntax_error,1,<string>,SyntaxError: invalid syntax,1,3.11.16
run_0284,2026-08-27T12:09:35.7884150Z,Check App Syntax,build,0.026,failure,SyntaxError,invalid syntax,syntax_error,1,<string>,SyntaxError: invalid syntax,1,3.11.16
run_0285,2026-08-27T12:10:05.9228765Z,Check App Syntax,build,0.023,failure,SyntaxError,'yield' outside function,syntax_error,1,<string>,SyntaxError: 'yield' outside function,1,3.11.16
run_0286,2026-08-27T12:10:35.4281922Z,Check App Syntax,build,0.024,failure,SyntaxError,'await' outside function,syntax_error,1,<string>,SyntaxError: 'await' outside function,1,3.11.16
run_0287,2026-08-27T12:11:04.7860287Z,Check App Syntax,build,0.026,failure,IndentationError,expected an indented block after function definition on line 1,syntax_error,1,<string>,IndentationError: expected an indented block after function definition on line 1,1,3.11.16
run_0288,2026-08-27T12:11:28.8465072Z,Check App Syntax,build,0.025,failure,SyntaxError,invalid syntax,syntax_error,1,<string>,SyntaxError: invalid syntax,1,3.11.16
run_0289,2026-08-27T12:11:58.3415674Z,Check App Syntax,build,0.026,failure,SyntaxError,'continue' not properly in loop,syntax_error,1,<string>,SyntaxError: 'continue' not properly in loop,1,3.11.16
run_0290,2026-08-27T12:12:27.3137162Z,Check App Syntax,build,0.024,failure,SyntaxError,'break' outside loop,syntax_error,1,<string>,SyntaxError: 'break' outside loop,1,3.11.16
run_0291,2026-08-27T12:12:57.1045380Z,Check App Syntax,build,0.024,failure,SyntaxError,invalid syntax,syntax_error,1,<string>,SyntaxError: invalid syntax,1,3.11.16
run_0292,2026-08-27T12:13:25.4208378Z,Check App Syntax,build,0.024,failure,SyntaxError,cannot use assignment expressions with expression,syntax_error,1,<string>,SyntaxError: cannot use assignment expressions with expression,1,3.11.16
run_0293,2026-08-27T12:13:53.4635747Z,Check App Syntax,build,0.025,failure,SyntaxError,invalid syntax,syntax_error,1,<string>,SyntaxError: invalid syntax,1,3.11.16
run_0294,2026-08-27T12:14:15.0688271Z,Check App Syntax,build,0.017,failure,SyntaxError,invalid syntax,syntax_error,1,<string>,SyntaxError: invalid syntax,1,3.11.16
run_0295,2026-08-27T12:14:44.7942592Z,Check App Syntax,build,0.024,failure,SyntaxError,invalid syntax,syntax_error,1,<string>,SyntaxError: invalid syntax,1,3.11.16
run_0296,2026-08-27T12:15:12.0921728Z,Check App Syntax,build,0.025,failure,SyntaxError,invalid syntax,syntax_error,1,<string>,SyntaxError: invalid syntax,1,3.11.16
run_0297,2026-08-27T12:15:39.6990016Z,Check App Syntax,build,0.02,failure,SyntaxError,invalid syntax,syntax_error,1,<string>,SyntaxError: invalid syntax,1,3.11.16
run_0298,2026-08-27T12:16:07.9246690Z,Check App Syntax,build,0.021,failure,SyntaxError,'(' was never closed,syntax_error,1,<string>,SyntaxError: '(' was never closed,1,3.11.16
run_0299,2026-08-27T12:16:44.1635410Z,Check App Syntax,build,0.021,failure,SyntaxError,invalid syntax,syntax_error,1,<string>,SyntaxError: invalid syntax,1,3.11.16
run_0300,2026-08-27T12:17:11.8203129Z,Check App Syntax,build,0.024,failure,SyntaxError,invalid syntax,syntax_error,1,<string>,SyntaxError: invalid syntax,1,3.11.16
run_0301,2026-08-27T12:17:38.8017397Z,Check App Syntax,build,0.018,failure,IndentationError,unexpected indent,syntax_error,1,<string>,IndentationError: unexpected indent,1,3.11.16
run_0302,2026-08-27T12:18:00.2734118Z,Check App Syntax,build,0.024,failure,SyntaxError,leading zeros in decimal integer literals are not permitted; use an 0o prefix for octal integers,syntax_error,1,<string>,SyntaxError: leading zeros in decimal integer literals are not permitted; use an 0o prefix for octal integers,1,3.11.16
run_0303,2026-08-27T12:18:22.2615724Z,Check App Syntax,build,0.025,failure,SyntaxError,'(' was never closed,syntax_error,1,<string>,SyntaxError: '(' was never closed,1,3.11.16
run_0304,2026-08-27T12:18:49.8500639Z,Check App Syntax,build,0.029,failure,SyntaxError,expected ':',syntax_error,1,<string>,SyntaxError: expected ':',1,3.11.16
run_0305,2026-08-27T12:19:12.4089942Z,Check App Syntax,build,0.024,failure,SyntaxError,'(' was never closed,syntax_error,1,<string>,SyntaxError: '(' was never closed,1,3.11.16
run_0306,2026-08-27T12:19:40.4424157Z,Check App Syntax,build,0.023,failure,SyntaxError,'[' was never closed,syntax_error,1,<string>,SyntaxError: '[' was never closed,1,3.11.16
run_0307,2026-08-27T12:20:14.7588595Z,Check App Syntax,build,0.025,failure,IndentationError,unexpected indent,syntax_error,1,<string>,IndentationError: unexpected indent,1,3.11.16
run_0308,2026-08-27T12:20:37.7901142Z,Check App Syntax,build,0.023,failure,SyntaxError,invalid syntax,syntax_error,1,<string>,SyntaxError: invalid syntax,1,3.11.16
run_0309,2026-08-27T12:21:06.3889655Z,Check App Syntax,build,0.023,failure,SyntaxError,invalid syntax,syntax_error,1,<string>,SyntaxError: invalid syntax,1,3.11.16
run_0310,2026-08-27T12:21:27.6338461Z,Check App Syntax,build,0.022,failure,SyntaxError,invalid syntax,syntax_error,1,<string>,SyntaxError: invalid syntax,1,3.11.16
run_0311,2026-08-27T12:21:55.8950471Z,Check App Syntax,build,0.02,failure,SyntaxError,invalid syntax,syntax_error,1,<string>,SyntaxError: invalid syntax,1,3.11.16
run_0312,2026-08-27T12:22:17.3155147Z,Check App Syntax,build,0.026,failure,SyntaxError,expected ':',syntax_error,1,<string>,SyntaxError: expected ':',1,3.11.16
run_0313,2026-08-27T12:22:39.7538681Z,Check App Syntax,build,0.026,failure,SyntaxError,expression expected after dictionary key and ':',syntax_error,1,<string>,SyntaxError: expression expected after dictionary key and ':',1,3.11.16
run_0314,2026-08-27T12:23:09.0946455Z,Check App Syntax,build,0.024,failure,SyntaxError,expected ':',syntax_error,1,<string>,SyntaxError: expected ':',1,3.11.16
run_0315,2026-08-27T12:23:38.2544075Z,Check App Syntax,build,0.025,failure,SyntaxError,expected ':',syntax_error,1,<string>,SyntaxError: expected ':',1,3.11.16
run_0316,2026-08-27T12:24:00.6990984Z,Check App Syntax,build,0.02,failure,SyntaxError,expected ':',syntax_error,1,<string>,SyntaxError: expected ':',1,3.11.16
run_0317,2026-08-27T12:24:23.7886985Z,Check App Syntax,build,0.026,failure,SyntaxError,expected ':',syntax_error,1,<string>,SyntaxError: expected ':',1,3.11.16
run_0318,2026-08-27T12:24:51.5618535Z,Check App Syntax,build,0.024,failure,SyntaxError,expected ':',syntax_error,1,<string>,SyntaxError: expected ':',1,3.11.16
run_0319,2026-08-27T12:25:12.4793882Z,Check App Syntax,build,0.027,failure,SyntaxError,expected ':',syntax_error,1,<string>,SyntaxError: expected ':',1,3.11.16
run_0320,2026-08-27T12:25:38.9286868Z,Check App Syntax,build,0.027,failure,SyntaxError,expected ':',syntax_error,1,<string>,SyntaxError: expected ':',1,3.11.16
run_0321,2026-08-27T12:26:01.6607901Z,Check App Syntax,build,0.021,failure,SyntaxError,expected ':',syntax_error,1,<string>,SyntaxError: expected ':',1,3.11.16
run_0322,2026-08-27T12:26:28.0188433Z,Check App Syntax,build,0.025,failure,SyntaxError,expected ':',syntax_error,1,<string>,SyntaxError: expected ':',1,3.11.16
run_0323,2026-08-27T12:26:50.2838858Z,Check App Syntax,build,0.026,failure,SyntaxError,invalid syntax,syntax_error,1,<string>,SyntaxError: invalid syntax,1,3.11.16
run_0324,2026-08-27T12:27:17.2135922Z,Check App Syntax,build,0.024,failure,SyntaxError,'{' was never closed,syntax_error,1,<string>,SyntaxError: '{' was never closed,1,3.11.16
run_0325,2026-08-27T12:27:38.8263693Z,Check App Syntax,build,0.024,failure,SyntaxError,'(' was never closed,syntax_error,1,<string>,SyntaxError: '(' was never closed,1,3.11.16
run_0326,2026-08-27T12:28:06.6031639Z,Check App Syntax,build,0.025,failure,SyntaxError,'(' was never closed,syntax_error,1,<string>,SyntaxError: '(' was never closed,1,3.11.16
run_0327,2026-08-27T12:28:32.4556528Z,Check App Syntax,build,0.026,failure,SyntaxError,'[' was never closed,syntax_error,1,<string>,SyntaxError: '[' was never closed,1,3.11.16
run_0328,2026-08-27T12:28:54.3165706Z,Check App Syntax,build,0.019,failure,SyntaxError,'{' was never closed,syntax_error,1,<string>,SyntaxError: '{' was never closed,1,3.11.16
run_0329,2026-08-27T12:29:21.2557220Z,Check App Syntax,build,0.02,failure,SyntaxError,expected '(',syntax_error,1,<string>,SyntaxError: expected '(',1,3.11.16
run_0330,2026-08-27T12:29:49.6572059Z,Check App Syntax,build,0.024,failure,SyntaxError,arguments cannot follow var-keyword argument,syntax_error,1,<string>,SyntaxError: arguments cannot follow var-keyword argument,1,3.11.16
run_0331,2026-08-27T12:30:17.2715732Z,Check App Syntax,build,0.023,failure,IndentationError,expected an indented block after class definition on line 1,syntax_error,1,<string>,IndentationError: expected an indented block after class definition on line 1,1,3.11.16
run_0332,2026-08-27T12:30:42.5302520Z,Check App Syntax,build,0.027,failure,SyntaxError,invalid syntax,syntax_error,1,<string>,SyntaxError: invalid syntax,1,3.11.16
run_0333,2026-08-27T12:31:06.1020645Z,Check App Syntax,build,0.024,failure,SyntaxError,'return' outside function,syntax_error,1,<string>,SyntaxError: 'return' outside function,1,3.11.16
run_0334,2026-08-27T12:31:32.2098767Z,Check App Syntax,build,0.026,failure,SyntaxError,invalid syntax,syntax_error,1,<string>,SyntaxError: invalid syntax,1,3.11.16
run_0335,2026-08-27T12:31:53.4570610Z,Check App Syntax,build,0.024,failure,SyntaxError,invalid syntax,syntax_error,1,<string>,SyntaxError: invalid syntax,1,3.11.16
run_0336,2026-08-27T12:32:13.8101580Z,Check App Syntax,build,0.02,failure,IndentationError,expected an indented block after 'if' statement on line 4,syntax_error,1,<string>,IndentationError: expected an indented block after 'if' statement on line 4,1,3.11.16
run_0337,2026-08-27T12:32:34.9690023Z,Check App Syntax,build,0.026,failure,SyntaxError,invalid syntax,syntax_error,1,<string>,SyntaxError: invalid syntax,1,3.11.16
run_0338,2026-08-27T12:32:56.9941005Z,Check App Syntax,build,0.023,failure,SyntaxError,invalid syntax,syntax_error,1,<string>,SyntaxError: invalid syntax,1,3.11.16
run_0339,2026-08-27T12:33:29.3317943Z,Check App Syntax,build,0.026,failure,SyntaxError,invalid syntax,syntax_error,1,<string>,SyntaxError: invalid syntax,1,3.11.16
run_0340,2026-08-27T12:33:52.6992928Z,Check App Syntax,build,0.024,failure,SyntaxError,invalid syntax,syntax_error,1,<string>,SyntaxError: invalid syntax,1,3.11.16
run_0341,2026-08-27T12:34:17.8984244Z,Check App Syntax,build,0.02,failure,SyntaxError,invalid syntax,syntax_error,1,<string>,SyntaxError: invalid syntax,1,3.11.16
run_0342,2026-08-27T12:34:39.1235520Z,Check App Syntax,build,0.026,failure,SyntaxError,expected 'except' or 'finally' block,syntax_error,1,<string>,SyntaxError: expected 'except' or 'finally' block,1,3.11.16
run_0343,2026-08-27T12:35:01.2783338Z,Check App Syntax,build,0.024,failure,SyntaxError,invalid syntax,syntax_error,1,<string>,SyntaxError: invalid syntax,1,3.11.16
run_0344,2026-08-27T12:35:28.3049322Z,Check App Syntax,build,0.026,failure,SyntaxError,invalid syntax,syntax_error,1,<string>,SyntaxError: invalid syntax,1,3.11.16
run_0345,2026-08-27T12:35:56.5405179Z,Check App Syntax,build,0.027,failure,SyntaxError,invalid syntax,syntax_error,1,<string>,SyntaxError: invalid syntax,1,3.11.16
run_0346,2026-08-27T12:36:24.4742355Z,Check App Syntax,build,0.023,failure,SyntaxError,invalid syntax,syntax_error,1,<string>,SyntaxError: invalid syntax,1,3.11.16
run_0347,2026-08-27T12:36:51.3748975Z,Check App Syntax,build,0.02,failure,SyntaxError,invalid syntax,syntax_error,1,<string>,SyntaxError: invalid syntax,1,3.11.16
run_0348,2026-08-27T12:37:13.5448449Z,Check App Syntax,build,0.026,failure,SyntaxError,invalid syntax,syntax_error,1,<string>,SyntaxError: invalid syntax,1,3.11.16
run_0349,2026-08-27T12:37:40.0432576Z,Check App Syntax,build,0.027,failure,SyntaxError,invalid syntax,syntax_error,1,<string>,SyntaxError: invalid syntax,1,3.11.16
run_0350,2026-08-27T12:38:01.7721987Z,Check App Syntax,build,0.024,failure,SyntaxError,cannot assign to function call here. Maybe you meant '==' instead of '='?,syntax_error,1,<string>,SyntaxError: cannot assign to function call here. Maybe you meant '==' instead of '='?,1,3.11.16
run_0351,2026-08-27T12:38:28.0453935Z,Check App Syntax,build,0.026,failure,SyntaxError,cannot use assignment expressions with expression,syntax_error,1,<string>,SyntaxError: cannot use assignment expressions with expression,1,3.11.16
run_0352,2026-08-27T12:38:50.0981295Z,Check App Syntax,build,0.024,failure,SyntaxError,'(' was never closed,syntax_error,1,<string>,SyntaxError: '(' was never closed,1,3.11.16
run_0353,2026-08-27T12:39:11.6047179Z,Check App Syntax,build,0.024,failure,SyntaxError,cannot assign to literal here. Maybe you meant '==' instead of '='?,syntax_error,1,<string>,SyntaxError: cannot assign to literal here. Maybe you meant '==' instead of '='?,1,3.11.16
run_0354,2026-08-27T12:39:39.3230607Z,Check App Syntax,build,0.02,failure,SyntaxError,cannot delete literal,syntax_error,1,<string>,SyntaxError: cannot delete literal,1,3.11.16
run_0355,2026-08-27T12:40:07.8754209Z,Check App Syntax,build,0.024,failure,SyntaxError,cannot assign to function call here. Maybe you meant '==' instead of '='?,syntax_error,1,<string>,SyntaxError: cannot assign to function call here. Maybe you meant '==' instead of '='?,1,3.11.16
run_0356,2026-08-27T12:40:34.6129099Z,Check App Syntax,build,0.025,failure,SyntaxError,invalid syntax,syntax_error,1,<string>,SyntaxError: invalid syntax,1,3.11.16
run_0357,2026-08-27T12:41:03.1974699Z,Check App Syntax,build,0.023,failure,SyntaxError,invalid syntax,syntax_error,1,<string>,SyntaxError: invalid syntax,1,3.11.16
run_0358,2026-08-27T12:41:29.2598917Z,Check App Syntax,build,0.017,failure,SyntaxError,'[' was never closed,syntax_error,1,<string>,SyntaxError: '[' was never closed,1,3.11.16
run_0359,2026-08-27T12:41:56.6729238Z,Check App Syntax,build,0.025,failure,SyntaxError,invalid syntax,syntax_error,1,<string>,SyntaxError: invalid syntax,1,3.11.16
run_0360,2026-08-27T12:42:18.8687218Z,Check App Syntax,build,0.026,failure,SyntaxError,Invalid star expression,syntax_error,1,<string>,SyntaxError: Invalid star expression,1,3.11.16
run_0361,2026-08-27T12:42:44.9482751Z,Check App Syntax,build,0.023,failure,SyntaxError,unterminated string literal (detected at line 4),syntax_error,1,<string>,SyntaxError: unterminated string literal (detected at line 4),1,3.11.16
run_0362,2026-08-27T12:43:06.2557498Z,Check App Syntax,build,0.026,failure,SyntaxError,unterminated string literal (detected at line 4),syntax_error,1,<string>,SyntaxError: unterminated string literal (detected at line 4),1,3.11.16
run_0363,2026-08-27T12:43:34.4975687Z,Check App Syntax,build,0.025,failure,SyntaxError,unterminated triple-quoted string literal (detected at line 5),syntax_error,1,<string>,SyntaxError: unterminated triple-quoted string literal (detected at line 5),1,3.11.16
run_0364,2026-08-27T12:44:00.2639902Z,Check App Syntax,build,0.026,failure,SyntaxError,f-string: empty expression not allowed,syntax_error,1,<string>,SyntaxError: f-string: empty expression not allowed,1,3.11.16
run_0365,2026-08-27T12:44:21.5517895Z,Check App Syntax,build,0.026,failure,SyntaxError,f-string expression part cannot include a backslash,syntax_error,1,<string>,SyntaxError: f-string expression part cannot include a backslash,1,3.11.16
run_0366,2026-08-27T12:49:51.6333643Z,Check App Syntax,build,0.024,failure,SyntaxError,f-string: expecting '}',syntax_error,1,<string>,SyntaxError: f-string: expecting '}',1,3.11.16
run_0367,2026-08-27T12:50:17.6161821Z,Check App Syntax,build,0.023,failure,SyntaxError,invalid syntax,syntax_error,1,<string>,SyntaxError: invalid syntax,1,3.11.16
run_0368,2026-08-27T12:50:38.2733636Z,Check App Syntax,build,0.026,failure,SyntaxError,invalid syntax. Perhaps you forgot a comma?,syntax_error,1,<string>,SyntaxError: invalid syntax. Perhaps you forgot a comma?,1,3.11.16
run_0369,2026-08-27T12:51:00.6073991Z,Check App Syntax,build,0.024,failure,SyntaxError,'[' was never closed,syntax_error,1,<string>,SyntaxError: '[' was never closed,1,3.11.16
run_0370,2026-08-27T12:51:32.8442063Z,Check App Syntax,build,0.025,failure,SyntaxError,invalid syntax. Perhaps you forgot a comma?,syntax_error,1,<string>,SyntaxError: invalid syntax. Perhaps you forgot a comma?,1,3.11.16
run_0371,2026-08-27T12:51:54.5844262Z,Check App Syntax,build,0.016,failure,SyntaxError,'(' was never closed,syntax_error,1,<string>,SyntaxError: '(' was never closed,1,3.11.16
run_0372,2026-08-27T12:52:28.6983948Z,Check App Syntax,build,0.025,failure,IndentationError,expected an indented block after function definition on line 1,syntax_error,1,<string>,IndentationError: expected an indented block after function definition on line 1,1,3.11.16
run_0373,2026-08-27T12:52:55.6037342Z,Check App Syntax,build,0.025,failure,IndentationError,unindent does not match any outer indentation level,syntax_error,1,<string>,IndentationError: unindent does not match any outer indentation level,1,3.11.16
run_0374,2026-08-27T12:53:16.0384772Z,Check App Syntax,build,0.025,failure,IndentationError,unindent does not match any outer indentation level,syntax_error,1,<string>,IndentationError: unindent does not match any outer indentation level,1,3.11.16
run_0375,2026-08-27T12:53:38.6671299Z,Check App Syntax,build,0.025,failure,IndentationError,unexpected indent,syntax_error,1,<string>,IndentationError: unexpected indent,1,3.11.16
run_0376,2026-08-27T12:54:05.8908777Z,Check App Syntax,build,0.017,failure,SyntaxError,'return' outside function,syntax_error,1,<string>,SyntaxError: 'return' outside function,1,3.11.16
run_0377,2026-08-27T12:54:38.3791846Z,Check App Syntax,build,0.025,failure,IndentationError,unexpected indent,syntax_error,1,<string>,IndentationError: unexpected indent,1,3.11.16
run_0378,2026-08-27T12:55:01.4410653Z,Check App Syntax,build,0.024,failure,TabError,inconsistent use of tabs and spaces in indentation,syntax_error,1,<string>,TabError: inconsistent use of tabs and spaces in indentation,1,3.11.16
run_0379,2026-08-27T13:11:14.8431992Z,Check App Syntax,build,0.024,failure,TabError,inconsistent use of tabs and spaces in indentation,syntax_error,1,<string>,TabError: inconsistent use of tabs and spaces in indentation,1,3.11.16
run_0380,2026-08-27T13:11:47.4785312Z,Check App Syntax,build,0.026,failure,TabError,inconsistent use of tabs and spaces in indentation,syntax_error,1,<string>,TabError: inconsistent use of tabs and spaces in indentation,1,3.11.16
run_0381,2026-08-27T13:12:14.2168387Z,Check App Syntax,build,0.026,failure,SyntaxError,Missing parentheses in call to 'print'. Did you mean print(...)?,syntax_error,1,<string>,SyntaxError: Missing parentheses in call to 'print'. Did you mean print(...)?,1,3.11.16
run_0382,2026-08-27T13:12:41.5374052Z,Check App Syntax,build,0.025,failure,SyntaxError,invalid syntax,syntax_error,1,<string>,SyntaxError: invalid syntax,1,3.11.16
run_0383,2026-08-27T13:13:08.2667778Z,Check App Syntax,build,0.021,failure,SyntaxError,invalid syntax,syntax_error,1,<string>,SyntaxError: invalid syntax,1,3.11.16
run_0384,2026-08-27T13:13:29.8356459Z,Check App Syntax,build,0.021,failure,SyntaxError,invalid syntax,syntax_error,1,<string>,SyntaxError: invalid syntax,1,3.11.16
run_0385,2026-08-27T13:14:03.6559823Z,Check App Syntax,build,0.017,failure,SyntaxError,invalid syntax,syntax_error,1,<string>,SyntaxError: invalid syntax,1,3.11.16
run_0386,2026-08-27T13:14:38.1864409Z,Check App Syntax,build,0.02,failure,SyntaxError,'yield' outside function,syntax_error,1,<string>,SyntaxError: 'yield' outside function,1,3.11.16
run_0387,2026-08-27T13:15:05.0429502Z,Check App Syntax,build,0.024,failure,SyntaxError,'await' outside function,syntax_error,1,<string>,SyntaxError: 'await' outside function,1,3.11.16
run_0388,2026-08-27T13:15:32.5058988Z,Check App Syntax,build,0.024,failure,IndentationError,expected an indented block after function definition on line 1,syntax_error,1,<string>,IndentationError: expected an indented block after function definition on line 1,1,3.11.16
run_0389,2026-08-27T13:15:52.9069492Z,Check App Syntax,build,0.024,failure,SyntaxError,invalid syntax,syntax_error,1,<string>,SyntaxError: invalid syntax,1,3.11.16
run_0390,2026-08-27T13:16:20.2559507Z,Check App Syntax,build,0.026,failure,SyntaxError,'continue' not properly in loop,syntax_error,1,<string>,SyntaxError: 'continue' not properly in loop,1,3.11.16
run_0391,2026-08-27T13:16:48.2126717Z,Check App Syntax,build,0.021,failure,SyntaxError,'break' outside loop,syntax_error,1,<string>,SyntaxError: 'break' outside loop,1,3.11.16
run_0392,2026-08-27T13:17:16.0109642Z,Check App Syntax,build,0.026,failure,SyntaxError,invalid syntax,syntax_error,1,<string>,SyntaxError: invalid syntax,1,3.11.16
run_0393,2026-08-27T13:17:44.0937964Z,Check App Syntax,build,0.024,failure,SyntaxError,cannot use assignment expressions with expression,syntax_error,1,<string>,SyntaxError: cannot use assignment expressions with expression,1,3.11.16
run_0394,2026-08-27T13:18:03.5550308Z,Check App Syntax,build,0.026,failure,SyntaxError,invalid syntax,syntax_error,1,<string>,SyntaxError: invalid syntax,1,3.11.16
run_0395,2026-08-27T13:18:25.6649241Z,Check App Syntax,build,0.027,failure,SyntaxError,invalid syntax,syntax_error,1,<string>,SyntaxError: invalid syntax,1,3.11.16
run_0396,2026-08-27T13:18:46.2358583Z,Check App Syntax,build,0.025,failure,SyntaxError,invalid syntax,syntax_error,1,<string>,SyntaxError: invalid syntax,1,3.11.16
run_0397,2026-08-27T13:19:13.6633666Z,Check App Syntax,build,0.024,failure,SyntaxError,invalid syntax,syntax_error,1,<string>,SyntaxError: invalid syntax,1,3.11.16
run_0398,2026-08-27T13:19:35.0409162Z,Check App Syntax,build,0.021,failure,SyntaxError,invalid syntax,syntax_error,1,<string>,SyntaxError: invalid syntax,1,3.11.16
run_0399,2026-08-27T13:20:02.2619337Z,Check App Syntax,build,0.026,failure,SyntaxError,'(' was never closed,syntax_error,1,<string>,SyntaxError: '(' was never closed,1,3.11.16
run_0400,2026-08-27T13:20:22.4469508Z,Check App Syntax,build,0.026,failure,SyntaxError,invalid syntax,syntax_error,1,<string>,SyntaxError: invalid syntax,1,3.11.16
run_0401,2026-08-27T13:20:44.1635219Z,Check App Syntax,build,0.026,failure,SyntaxError,invalid syntax,syntax_error,1,<string>,SyntaxError: invalid syntax,1,3.11.16
run_0402,2026-08-27T13:21:11.3592607Z,Check App Syntax,build,0.018,failure,IndentationError,unexpected indent,syntax_error,1,<string>,IndentationError: unexpected indent,1,3.11.16
run_0403,2026-08-27T13:21:31.7399446Z,Check App Syntax,build,0.026,failure,SyntaxError,leading zeros in decimal integer literals are not permitted; use an 0o prefix for octal integers,syntax_error,1,<string>,SyntaxError: leading zeros in decimal integer literals are not permitted; use an 0o prefix for octal integers,1,3.11.16
run_0404,2026-08-27T13:21:52.5161008Z,Check App Syntax,build,0.026,failure,SyntaxError,'(' was never closed,syntax_error,1,<string>,SyntaxError: '(' was never closed,1,3.11.16
run_0405,2026-08-27T13:22:19.3640418Z,Check App Syntax,build,0.025,failure,SyntaxError,expected ':',syntax_error,1,<string>,SyntaxError: expected ':',1,3.11.16
run_0406,2026-08-27T13:22:46.3533681Z,Check App Syntax,build,0.024,failure,SyntaxError,'(' was never closed,syntax_error,1,<string>,SyntaxError: '(' was never closed,1,3.11.16
run_0407,2026-08-27T13:23:07.2042309Z,Check App Syntax,build,0.025,failure,SyntaxError,'[' was never closed,syntax_error,1,<string>,SyntaxError: '[' was never closed,1,3.11.16
run_0408,2026-08-27T13:23:28.4011384Z,Check App Syntax,build,0.026,failure,IndentationError,unexpected indent,syntax_error,1,<string>,IndentationError: unexpected indent,1,3.11.16
run_0409,2026-08-27T13:23:55.5574597Z,Check App Syntax,build,0.025,failure,SyntaxError,invalid syntax,syntax_error,1,<string>,SyntaxError: invalid syntax,1,3.11.16
run_0410,2026-08-27T13:24:22.4295395Z,Check App Syntax,build,0.028,failure,SyntaxError,invalid syntax,syntax_error,1,<string>,SyntaxError: invalid syntax,1,3.11.16
run_0411,2026-08-27T13:24:44.4160024Z,Check App Syntax,build,0.024,failure,SyntaxError,invalid syntax,syntax_error,1,<string>,SyntaxError: invalid syntax,1,3.11.16
run_0412,2026-08-27T13:25:12.4043890Z,Check App Syntax,build,0.023,failure,SyntaxError,invalid syntax,syntax_error,1,<string>,SyntaxError: invalid syntax,1,3.11.16
run_0413,2026-08-27T13:25:33.0329170Z,Check App Syntax,build,0.021,failure,SyntaxError,expected ':',syntax_error,1,<string>,SyntaxError: expected ':',1,3.11.16
run_0414,2026-08-27T13:25:52.7441630Z,Check App Syntax,build,0.024,failure,SyntaxError,expression expected after dictionary key and ':',syntax_error,1,<string>,SyntaxError: expression expected after dictionary key and ':',1,3.11.16
run_0415,2026-08-27T13:26:27.2897996Z,Check App Syntax,build,0.023,failure,SyntaxError,expected ':',syntax_error,1,<string>,SyntaxError: expected ':',1,3.11.16
run_0416,2026-08-27T13:26:54.3237818Z,Check App Syntax,build,0.025,failure,SyntaxError,expected ':',syntax_error,1,<string>,SyntaxError: expected ':',1,3.11.16
run_0417,2026-08-27T13:27:16.8557974Z,Check App Syntax,build,0.021,failure,SyntaxError,expected ':',syntax_error,1,<string>,SyntaxError: expected ':',1,3.11.16
run_0418,2026-08-27T13:27:58.5012212Z,Check App Syntax,build,0.026,failure,SyntaxError,expected ':',syntax_error,1,<string>,SyntaxError: expected ':',1,3.11.16
run_0419,2026-08-27T13:28:24.4285139Z,Check App Syntax,build,0.026,failure,SyntaxError,expected ':',syntax_error,1,<string>,SyntaxError: expected ':',1,3.11.16
run_0420,2026-08-27T13:28:45.8916285Z,Check App Syntax,build,0.025,failure,SyntaxError,expected ':',syntax_error,1,<string>,SyntaxError: expected ':',1,3.11.16
run_0421,2026-08-27T13:29:18.9729373Z,Check App Syntax,build,0.024,failure,SyntaxError,expected ':',syntax_error,1,<string>,SyntaxError: expected ':',1,3.11.16
run_0422,2026-08-27T13:29:45.9713917Z,Check App Syntax,build,0.017,failure,SyntaxError,expected ':',syntax_error,1,<string>,SyntaxError: expected ':',1,3.11.16
run_0423,2026-08-27T13:30:14.9201227Z,Check App Syntax,build,0.027,failure,SyntaxError,expected ':',syntax_error,1,<string>,SyntaxError: expected ':',1,3.11.16
run_0424,2026-08-27T13:30:41.0079122Z,Check App Syntax,build,0.016,failure,SyntaxError,invalid syntax,syntax_error,1,<string>,SyntaxError: invalid syntax,1,3.11.16
run_0425,2026-08-27T13:31:10.1757846Z,Check App Syntax,build,0.019,failure,SyntaxError,'{' was never closed,syntax_error,1,<string>,SyntaxError: '{' was never closed,1,3.11.16
run_0426,2026-08-27T13:31:37.1559164Z,Check App Syntax,build,0.02,failure,SyntaxError,'(' was never closed,syntax_error,1,<string>,SyntaxError: '(' was never closed,1,3.11.16
run_0427,2026-08-27T13:32:05.4596290Z,Check App Syntax,build,0.028,failure,SyntaxError,'(' was never closed,syntax_error,1,<string>,SyntaxError: '(' was never closed,1,3.11.16
run_0428,2026-08-27T13:32:32.1792343Z,Check App Syntax,build,0.026,failure,SyntaxError,'[' was never closed,syntax_error,1,<string>,SyntaxError: '[' was never closed,1,3.11.16
run_0429,2026-08-27T13:32:54.4900990Z,Check App Syntax,build,0.024,failure,SyntaxError,'{' was never closed,syntax_error,1,<string>,SyntaxError: '{' was never closed,1,3.11.16
run_0430,2026-08-27T13:33:20.5053914Z,Check App Syntax,build,0.02,failure,SyntaxError,expected '(',syntax_error,1,<string>,SyntaxError: expected '(',1,3.11.16
run_0431,2026-08-27T13:33:41.8257770Z,Check App Syntax,build,0.026,failure,SyntaxError,arguments cannot follow var-keyword argument,syntax_error,1,<string>,SyntaxError: arguments cannot follow var-keyword argument,1,3.11.16
run_0432,2026-08-27T13:34:01.8247233Z,Check App Syntax,build,0.025,failure,IndentationError,expected an indented block after class definition on line 1,syntax_error,1,<string>,IndentationError: expected an indented block after class definition on line 1,1,3.11.16
run_0433,2026-08-27T13:34:22.2502661Z,Check App Syntax,build,0.026,failure,SyntaxError,invalid syntax,syntax_error,1,<string>,SyntaxError: invalid syntax,1,3.11.16
run_0434,2026-08-27T13:34:43.6065250Z,Check App Syntax,build,0.024,failure,SyntaxError,'return' outside function,syntax_error,1,<string>,SyntaxError: 'return' outside function,1,3.11.16
run_0435,2026-08-27T13:35:05.3300306Z,Check App Syntax,build,0.025,failure,SyntaxError,invalid syntax,syntax_error,1,<string>,SyntaxError: invalid syntax,1,3.11.16
run_0436,2026-08-27T13:35:32.3048046Z,Check App Syntax,build,0.024,failure,SyntaxError,invalid syntax,syntax_error,1,<string>,SyntaxError: invalid syntax,1,3.11.16
run_0437,2026-08-27T13:35:52.7773824Z,Check App Syntax,build,0.023,failure,IndentationError,expected an indented block after 'if' statement on line 4,syntax_error,1,<string>,IndentationError: expected an indented block after 'if' statement on line 4,1,3.11.16
run_0438,2026-08-27T13:36:14.1984962Z,Check App Syntax,build,0.02,failure,SyntaxError,invalid syntax,syntax_error,1,<string>,SyntaxError: invalid syntax,1,3.11.16
run_0439,2026-08-27T13:36:41.4423857Z,Check App Syntax,build,0.02,failure,SyntaxError,invalid syntax,syntax_error,1,<string>,SyntaxError: invalid syntax,1,3.11.16
run_0440,2026-08-27T13:37:03.2019062Z,Check App Syntax,build,0.025,failure,SyntaxError,invalid syntax,syntax_error,1,<string>,SyntaxError: invalid syntax,1,3.11.16
run_0441,2026-08-27T13:37:24.1282537Z,Check App Syntax,build,0.026,failure,SyntaxError,invalid syntax,syntax_error,1,<string>,SyntaxError: invalid syntax,1,3.11.16
run_0442,2026-08-27T13:37:50.4418093Z,Check App Syntax,build,0.017,failure,SyntaxError,invalid syntax,syntax_error,1,<string>,SyntaxError: invalid syntax,1,3.11.16
run_0443,2026-08-27T13:38:12.7529278Z,Check App Syntax,build,0.024,failure,SyntaxError,expected 'except' or 'finally' block,syntax_error,1,<string>,SyntaxError: expected 'except' or 'finally' block,1,3.11.16
run_0444,2026-08-27T13:38:39.8513303Z,Check App Syntax,build,0.027,failure,SyntaxError,invalid syntax,syntax_error,1,<string>,SyntaxError: invalid syntax,1,3.11.16
run_0445,2026-08-27T13:39:01.0736934Z,Check App Syntax,build,0.025,failure,SyntaxError,invalid syntax,syntax_error,1,<string>,SyntaxError: invalid syntax,1,3.11.16
run_0446,2026-08-27T13:39:28.1008596Z,Check App Syntax,build,0.026,failure,SyntaxError,invalid syntax,syntax_error,1,<string>,SyntaxError: invalid syntax,1,3.11.16
run_0447,2026-08-27T13:39:49.3504068Z,Check App Syntax,build,0.021,failure,SyntaxError,invalid syntax,syntax_error,1,<string>,SyntaxError: invalid syntax,1,3.11.16
run_0448,2026-08-27T13:40:16.2231599Z,Check App Syntax,build,0.024,failure,SyntaxError,invalid syntax,syntax_error,1,<string>,SyntaxError: invalid syntax,1,3.11.16
run_0449,2026-08-27T13:40:37.5918195Z,Check App Syntax,build,0.017,failure,SyntaxError,invalid syntax,syntax_error,1,<string>,SyntaxError: invalid syntax,1,3.11.16
run_0450,2026-08-27T13:41:05.3113777Z,Check App Syntax,build,0.024,failure,SyntaxError,invalid syntax,syntax_error,1,<string>,SyntaxError: invalid syntax,1,3.11.16
run_0451,2026-08-27T13:41:27.1316446Z,Check App Syntax,build,0.023,failure,SyntaxError,cannot assign to function call here. Maybe you meant '==' instead of '='?,syntax_error,1,<string>,SyntaxError: cannot assign to function call here. Maybe you meant '==' instead of '='?,1,3.11.16
run_0452,2026-08-27T13:41:53.8479482Z,Check App Syntax,build,0.021,failure,SyntaxError,cannot use assignment expressions with expression,syntax_error,1,<string>,SyntaxError: cannot use assignment expressions with expression,1,3.11.16
run_0453,2026-08-27T13:42:20.6530258Z,Check App Syntax,build,0.024,failure,SyntaxError,'(' was never closed,syntax_error,1,<string>,SyntaxError: '(' was never closed,1,3.11.16
run_0454,2026-08-27T13:42:41.3412415Z,Check App Syntax,build,0.02,failure,SyntaxError,cannot assign to literal here. Maybe you meant '==' instead of '='?,syntax_error,1,<string>,SyntaxError: cannot assign to literal here. Maybe you meant '==' instead of '='?,1,3.11.16
run_0455,2026-08-27T13:43:02.9886687Z,Check App Syntax,build,0.024,failure,SyntaxError,cannot delete literal,syntax_error,1,<string>,SyntaxError: cannot delete literal,1,3.11.16
run_0456,2026-08-27T13:43:23.7817808Z,Check App Syntax,build,0.026,failure,SyntaxError,cannot assign to function call here. Maybe you meant '==' instead of '='?,syntax_error,1,<string>,SyntaxError: cannot assign to function call here. Maybe you meant '==' instead of '='?,1,3.11.16
run_0457,2026-08-27T13:43:57.2504134Z,Check App Syntax,build,0.026,failure,SyntaxError,invalid syntax,syntax_error,1,<string>,SyntaxError: invalid syntax,1,3.11.16
run_0458,2026-08-27T13:44:17.8439338Z,Check App Syntax,build,0.026,failure,SyntaxError,invalid syntax,syntax_error,1,<string>,SyntaxError: invalid syntax,1,3.11.16
run_0459,2026-08-27T13:44:39.3972956Z,Check App Syntax,build,0.024,failure,SyntaxError,'[' was never closed,syntax_error,1,<string>,SyntaxError: '[' was never closed,1,3.11.16
run_0460,2026-08-27T13:44:59.5641826Z,Check App Syntax,build,0.026,failure,SyntaxError,invalid syntax,syntax_error,1,<string>,SyntaxError: invalid syntax,1,3.11.16
run_0461,2026-08-27T13:45:20.6407960Z,Check App Syntax,build,0.027,failure,SyntaxError,Invalid star expression,syntax_error,1,<string>,SyntaxError: Invalid star expression,1,3.11.16
run_0462,2026-08-27T13:45:48.9629909Z,Check App Syntax,build,0.02,failure,SyntaxError,unterminated string literal (detected at line 4),syntax_error,1,<string>,SyntaxError: unterminated string literal (detected at line 4),1,3.11.16
run_0463,2026-08-27T13:46:16.9544983Z,Check App Syntax,build,0.024,failure,SyntaxError,unterminated string literal (detected at line 4),syntax_error,1,<string>,SyntaxError: unterminated string literal (detected at line 4),1,3.11.16
run_0464,2026-08-27T13:46:44.0874465Z,Check App Syntax,build,0.024,failure,SyntaxError,unterminated triple-quoted string literal (detected at line 5),syntax_error,1,<string>,SyntaxError: unterminated triple-quoted string literal (detected at line 5),1,3.11.16
run_0465,2026-08-27T13:47:11.0317834Z,Check App Syntax,build,0.025,failure,SyntaxError,f-string: empty expression not allowed,syntax_error,1,<string>,SyntaxError: f-string: empty expression not allowed,1,3.11.16
run_0466,2026-08-27T13:47:38.9089227Z,Check App Syntax,build,0.024,failure,SyntaxError,f-string expression part cannot include a backslash,syntax_error,1,<string>,SyntaxError: f-string expression part cannot include a backslash,1,3.11.16
run_0467,2026-08-27T13:48:06.4025020Z,Check App Syntax,build,0.026,failure,SyntaxError,f-string: expecting '}',syntax_error,1,<string>,SyntaxError: f-string: expecting '}',1,3.11.16
run_0468,2026-08-27T13:48:26.9293928Z,Check App Syntax,build,0.026,failure,SyntaxError,invalid syntax,syntax_error,1,<string>,SyntaxError: invalid syntax,1,3.11.16
run_0469,2026-08-27T13:48:48.6544856Z,Check App Syntax,build,0.016,failure,SyntaxError,invalid syntax. Perhaps you forgot a comma?,syntax_error,1,<string>,SyntaxError: invalid syntax. Perhaps you forgot a comma?,1,3.11.16
run_0470,2026-08-27T13:49:21.7639219Z,Check App Syntax,build,0.027,failure,SyntaxError,'[' was never closed,syntax_error,1,<string>,SyntaxError: '[' was never closed,1,3.11.16
run_0471,2026-08-27T13:49:56.1748492Z,Check App Syntax,build,0.024,failure,SyntaxError,invalid syntax. Perhaps you forgot a comma?,syntax_error,1,<string>,SyntaxError: invalid syntax. Perhaps you forgot a comma?,1,3.11.16
run_0472,2026-08-27T13:50:16.7584803Z,Check App Syntax,build,0.026,failure,SyntaxError,'(' was never closed,syntax_error,1,<string>,SyntaxError: '(' was never closed,1,3.11.16
run_0473,2026-08-27T13:50:46.1580175Z,Check App Syntax,build,0.026,failure,IndentationError,expected an indented block after function definition on line 1,syntax_error,1,<string>,IndentationError: expected an indented block after function definition on line 1,1,3.11.16
run_0474,2026-08-27T13:51:08.5956798Z,Check App Syntax,build,0.024,failure,IndentationError,unindent does not match any outer indentation level,syntax_error,1,<string>,IndentationError: unindent does not match any outer indentation level,1,3.11.16
run_0475,2026-08-27T13:51:41.7555108Z,Check App Syntax,build,0.02,failure,IndentationError,unindent does not match any outer indentation level,syntax_error,1,<string>,IndentationError: unindent does not match any outer indentation level,1,3.11.16
run_0476,2026-08-27T13:57:03.6704776Z,Check App Syntax,build,0.027,failure,IndentationError,unexpected indent,syntax_error,1,<string>,IndentationError: unexpected indent,1,3.11.16
run_0477,2026-08-27T13:57:25.1162201Z,Check App Syntax,build,0.023,failure,SyntaxError,'return' outside function,syntax_error,1,<string>,SyntaxError: 'return' outside function,1,3.11.16
run_0478,2026-08-27T13:57:53.3918562Z,Check App Syntax,build,0.024,failure,IndentationError,unexpected indent,syntax_error,1,<string>,IndentationError: unexpected indent,1,3.11.16
run_0479,2026-08-27T13:58:19.7661504Z,Check App Syntax,build,0.021,failure,TabError,inconsistent use of tabs and spaces in indentation,syntax_error,1,<string>,TabError: inconsistent use of tabs and spaces in indentation,1,3.11.16
run_0480,2026-08-27T13:58:46.0559616Z,Check App Syntax,build,0.025,failure,TabError,inconsistent use of tabs and spaces in indentation,syntax_error,1,<string>,TabError: inconsistent use of tabs and spaces in indentation,1,3.11.16
run_0481,2026-08-27T13:59:15.6508245Z,Check App Syntax,build,0.024,failure,TabError,inconsistent use of tabs and spaces in indentation,syntax_error,1,<string>,TabError: inconsistent use of tabs and spaces in indentation,1,3.11.16
run_0482,2026-08-27T13:59:41.7915360Z,Check App Syntax,build,0.024,failure,SyntaxError,Missing parentheses in call to 'print'. Did you mean print(...)?,syntax_error,1,<string>,SyntaxError: Missing parentheses in call to 'print'. Did you mean print(...)?,1,3.11.16
run_0483,2026-08-27T14:00:10.3399700Z,Check App Syntax,build,0.024,failure,SyntaxError,invalid syntax,syntax_error,1,<string>,SyntaxError: invalid syntax,1,3.11.16
run_0484,2026-08-27T14:00:38.6508721Z,Check App Syntax,build,0.024,failure,SyntaxError,invalid syntax,syntax_error,1,<string>,SyntaxError: invalid syntax,1,3.11.16
run_0485,2026-08-27T14:01:06.2908234Z,Check App Syntax,build,0.027,failure,SyntaxError,invalid syntax,syntax_error,1,<string>,SyntaxError: invalid syntax,1,3.11.16
run_0486,2026-08-27T14:01:28.4545081Z,Check App Syntax,build,0.023,failure,SyntaxError,invalid syntax,syntax_error,1,<string>,SyntaxError: invalid syntax,1,3.11.16
run_0487,2026-08-27T14:01:57.6172997Z,Check App Syntax,build,0.026,failure,SyntaxError,'yield' outside function,syntax_error,1,<string>,SyntaxError: 'yield' outside function,1,3.11.16
run_0488,2026-08-27T14:02:23.6962888Z,Check App Syntax,build,0.02,failure,SyntaxError,'await' outside function,syntax_error,1,<string>,SyntaxError: 'await' outside function,1,3.11.16
run_0489,2026-08-27T14:02:51.8846451Z,Check App Syntax,build,0.024,failure,IndentationError,expected an indented block after function definition on line 1,syntax_error,1,<string>,IndentationError: expected an indented block after function definition on line 1,1,3.11.16
run_0490,2026-08-27T14:03:18.2180462Z,Check App Syntax,build,0.027,failure,SyntaxError,invalid syntax,syntax_error,1,<string>,SyntaxError: invalid syntax,1,3.11.16
run_0491,2026-08-27T14:03:46.9725173Z,Check App Syntax,build,0.019,failure,SyntaxError,'continue' not properly in loop,syntax_error,1,<string>,SyntaxError: 'continue' not properly in loop,1,3.11.16
run_0492,2026-08-27T14:04:12.7545428Z,Check App Syntax,build,0.024,failure,SyntaxError,'break' outside loop,syntax_error,1,<string>,SyntaxError: 'break' outside loop,1,3.11.16
run_0493,2026-08-27T14:04:40.3320913Z,Check App Syntax,build,0.02,failure,SyntaxError,invalid syntax,syntax_error,1,<string>,SyntaxError: invalid syntax,1,3.11.16
run_0494,2026-08-27T14:05:09.0595604Z,Check App Syntax,build,0.021,failure,SyntaxError,cannot use assignment expressions with expression,syntax_error,1,<string>,SyntaxError: cannot use assignment expressions with expression,1,3.11.16
run_0495,2026-08-27T14:05:30.4742974Z,Check App Syntax,build,0.026,failure,SyntaxError,invalid syntax,syntax_error,1,<string>,SyntaxError: invalid syntax,1,3.11.16
run_0496,2026-08-27T14:05:56.3666491Z,Check App Syntax,build,0.026,failure,SyntaxError,invalid syntax,syntax_error,1,<string>,SyntaxError: invalid syntax,1,3.11.16
run_0497,2026-08-27T14:06:28.9149563Z,Check App Syntax,build,0.024,failure,SyntaxError,invalid syntax,syntax_error,1,<string>,SyntaxError: invalid syntax,1,3.11.16
run_0498,2026-08-27T14:06:51.4563563Z,Check App Syntax,build,0.025,failure,SyntaxError,invalid syntax,syntax_error,1,<string>,SyntaxError: invalid syntax,1,3.11.16
run_0499,2026-08-27T14:07:18.1434834Z,Check App Syntax,build,0.026,failure,SyntaxError,invalid syntax,syntax_error,1,<string>,SyntaxError: invalid syntax,1,3.11.16
run_0500,2026-08-27T14:07:39.8739558Z,Check App Syntax,build,0.026,failure,SyntaxError,'(' was never closed,syntax_error,1,<string>,SyntaxError: '(' was never closed,1,3.11.16
